id,filename,dr_grade,adjudicated_dme,adjudicated_gradable,split
0,images/002c21358ce6.jpg,0,,,v
1,images/005b95c28852.jpg,0,,,e
2,images/00cc2b75cddd.jpg,0,,,t
3,images/0182152c50de.jpg,0,,,t
4,images/02cd34a85b24.jpg,0,,,e
5,images/03b373718013.jpg,0,,,t
6,images/04aef84a2cc1.jpg,0,,,v
7,images/05b1bb2bdb81.jpg,0,,,t
8,images/07596907347b.jpg,0,,,e
9,images/07751b94a88a.jpg,0,,,t
10,images/0790515cf5af.jpg,0,,,t
11,images/08037e4490e5.jpg,0,,,t
12,images/0851d6a69589.jpg,0,,,t
13,images/08b6e3240858.jpg,0,,,e
14,images/08bef347f40d.jpg,0,,,e
15,images/08ee569d4721.jpg,0,,,t
16,images/09237bf783a4.jpg,0,,,e
17,images/096436d68d06.jpg,0,,,e
18,images/099021fac3c9.jpg,0,,,t
19,images/09c8323c612e.jpg,0,,,e
20,images/0a38b552372d.jpg,0,,,e
21,images/0a85a1e8f9e9.jpg,0,,,e
22,images/0babc12807b2.jpg,0,,,e
23,images/0cbcc7b23613.jpg,0,,,t
24,images/0cd31078cd08.jpg,0,,,t
25,images/0ce062f26edc.jpg,0,,,v
26,images/0cecc2864b7f.jpg,0,,,e
27,images/0d9a9896f801.jpg,0,,,t
28,images/0da321efbce6.jpg,0,,,v
29,images/0db1d8dcf219.jpg,0,,,t
30,images/0e3572b5884a.jpg,0,,,v
31,images/0ef4c61dc056.jpg,0,,,t
32,images/0fbbd665431f.jpg,0,,,t
33,images/0fc6829da85b.jpg,0,,,t
34,images/1002b5151b8e.jpg,0,,,e
35,images/103f97a2ab15.jpg,0,,,e
36,images/10a5026eb8e6.jpg,0,,,t
37,images/10de500cf0c5.jpg,0,,,e
38,images/10f10fd30718.jpg,0,,,t
39,images/12058bbb8299.jpg,0,,,v
40,images/12bc439d373a.jpg,0,,,e
41,images/12ef75375322.jpg,0,,,t
42,images/143db89c11c8.jpg,0,,,t
43,images/15b21c80cc31.jpg,0,,,t
44,images/15e24b73d4a7.jpg,0,,,v
45,images/1633f8291a80.jpg,0,,,t
46,images/165634a6167e.jpg,0,,,e
47,images/178412895d5e.jpg,0,,,t
48,images/186c1835eec5.jpg,0,,,t
49,images/18b7e34eab8f.jpg,0,,,t
50,images/18b99159a14f.jpg,0,,,e
51,images/18ce0cdc473d.jpg,0,,,v
52,images/1a0dbc6c0cda.jpg,0,,,t
53,images/1a1e974a7dbf.jpg,0,,,e
54,images/1c47815f4a6b.jpg,0,,,v
55,images/1ca62b3e4fd3.jpg,0,,,t
56,images/1d0b93317aa8.jpg,0,,,t
57,images/1d3e9b939732.jpg,0,,,t
58,images/1d74c4713e21.jpg,0,,,t
59,images/1db0393cdbc1.jpg,0,,,t
60,images/1df1530b9b8d.jpg,0,,,t
61,images/1e742358e0b9.jpg,0,,,t
62,images/1e7ccd4a1c87.jpg,0,,,t
63,images/1ec95179cdfe.jpg,0,,,t
64,images/1f31701dd61b.jpg,0,,,e
65,images/1f5496352859.jpg,0,,,t
66,images/218c822a3dd9.jpg,0,,,t
67,images/224c14366e11.jpg,0,,,t
68,images/226c6ceb9185.jpg,0,,,t
69,images/237aa50edc34.jpg,0,,,t
70,images/248dec89b3a2.jpg,0,,,t
71,images/253e96488cfb.jpg,0,,,t
72,images/2682e6da9050.jpg,0,,,t
73,images/27933cdbe0cc.jpg,0,,,v
74,images/283c3aeba594.jpg,0,,,t
75,images/28503940d10b.jpg,0,,,t
76,images/28f73575e1f2.jpg,0,,,t
77,images/2923971566fe.jpg,0,,,t
78,images/2927665214e1.jpg,0,,,t
79,images/29a13e666266.jpg,0,,,v
80,images/2a4520f1f9a3.jpg,0,,,t
81,images/2b4c7b5f1f1e.jpg,0,,,t
82,images/2b5bb6d33959.jpg,0,,,t
83,images/2bb3c492d6d3.jpg,0,,,t
84,images/2c8101f14723.jpg,0,,,t
85,images/2c827005b8f8.jpg,0,,,v
86,images/2cacdb0dffae.jpg,0,,,t
87,images/2cdcc910778d.jpg,0,,,e
88,images/2d04cead4d3a.jpg,0,,,t
89,images/2d07162a13b1.jpg,0,,,t
90,images/2db0cd3e30da.jpg,0,,,t
91,images/2dc647e00ad3.jpg,0,,,e
92,images/2dd28ac497d2.jpg,0,,,t
93,images/2ef10194e80d.jpg,0,,,e
94,images/2ef4a04aed1b.jpg,0,,,t
95,images/2ef955d6d9ff.jpg,0,,,e
96,images/2f143453bb71.jpg,0,,,t
97,images/2f7fbdcc9a4b.jpg,0,,,t
98,images/2fefb720869a.jpg,0,,,e
99,images/3286073a976e.jpg,0,,,t
100,images/331121c65e88.jpg,0,,,v
101,images/33b91def2035.jpg,0,,,t
102,images/33b978734eab.jpg,0,,,t
103,images/345b1f0abbba.jpg,0,,,e
104,images/348598d01e18.jpg,0,,,t
105,images/35362d43e753.jpg,0,,,t
106,images/35ac70c0d08f.jpg,0,,,t
107,images/35df2bc6ae95.jpg,0,,,v
108,images/360832d84ce0.jpg,0,,,v
109,images/37c523296d42.jpg,0,,,v
110,images/387138ddf43d.jpg,0,,,t
111,images/389552047476.jpg,0,,,t
112,images/393fa5a023a5.jpg,0,,,e
113,images/3a4cfea0a766.jpg,0,,,t
114,images/3b2b91590590.jpg,0,,,t
115,images/3bf2deaa5ef0.jpg,0,,,t
116,images/3bf3085ac167.jpg,0,,,e
117,images/3c42512c81e0.jpg,0,,,t
118,images/3ce2f8a77a32.jpg,0,,,v
119,images/3f0d3629d69e.jpg,0,,,e
120,images/3f44d749cd0b.jpg,0,,,t
121,images/3f6c627e2ff2.jpg,0,,,e
122,images/3fd45879afe6.jpg,0,,,e
123,images/401fdfd0db07.jpg,0,,,t
124,images/41345cec5957.jpg,0,,,t
125,images/415d5c5e785f.jpg,0,,,v
126,images/41ab357d103f.jpg,0,,,t
127,images/4276b82e4489.jpg,0,,,e
128,images/42b9c1977681.jpg,0,,,t
129,images/42c65af5ab16.jpg,0,,,t
130,images/436e7a7af761.jpg,0,,,e
131,images/43823561c3f0.jpg,0,,,t
132,images/43bc7c066dfb.jpg,0,,,v
133,images/445a8a6da55c.jpg,0,,,t
134,images/44a4d04162cc.jpg,0,,,e
135,images/44a86263117b.jpg,0,,,t
136,images/4554062fa836.jpg,0,,,t
137,images/475300735b7f.jpg,0,,,t
138,images/478fc46eaa49.jpg,0,,,t
139,images/4826d10030b3.jpg,0,,,t
140,images/4a05f81b3aba.jpg,0,,,t
141,images/4a4cb731f91a.jpg,0,,,t
142,images/4a589edaea60.jpg,0,,,t
143,images/4ad8d3ec8789.jpg,0,,,e
144,images/4d1e7def7624.jpg,0,,,v
145,images/4dd4a4bf2421.jpg,0,,,v
146,images/4e1e252317b5.jpg,0,,,e
147,images/4fd5ec0dca09.jpg,0,,,v
148,images/500aad15b7c8.jpg,0,,,t
149,images/501c319f7a9f.jpg,0,,,e
150,images/504a69096fcb.jpg,0,,,e
151,images/5069feccd866.jpg,0,,,e
152,images/50915e2329a1.jpg,0,,,e
153,images/50916d67bb51.jpg,0,,,e
154,images/50d8249f7bc9.jpg,0,,,e
155,images/50ddd7d976df.jpg,0,,,v
156,images/521b5377a727.jpg,0,,,t
157,images/5257cb536da2.jpg,0,,,e
158,images/5299a532f0e0.jpg,0,,,t
159,images/52edbe29d655.jpg,0,,,e
160,images/5321ab64f9ea.jpg,0,,,e
161,images/53c874dbc594.jpg,0,,,e
162,images/54038e56131d.jpg,0,,,v
163,images/54f57cf26126.jpg,0,,,t
164,images/5511f114e7ee.jpg,0,,,t
165,images/555d0bef3c5b.jpg,0,,,t
166,images/55f7f018c61c.jpg,0,,,e
167,images/568455854a11.jpg,0,,,t
168,images/586f5c56081e.jpg,0,,,t
169,images/58a9e0d7f7af.jpg,0,,,t
170,images/58eb3809f456.jpg,0,,,t
171,images/58f07741ee3b.jpg,0,,,t
172,images/59928f999ae7.jpg,0,,,v
173,images/5995321563b7.jpg,0,,,t
174,images/59bd19c1c5bb.jpg,0,,,t
175,images/5a27b9b2a9c1.jpg,0,,,t
176,images/5b1c4cefeb24.jpg,0,,,v
177,images/5b994ff78547.jpg,0,,,t
178,images/5ba156a35ff2.jpg,0,,,t
179,images/5baed382f062.jpg,0,,,t
180,images/5c85d22bd0de.jpg,0,,,e
181,images/5ca73d28f17f.jpg,0,,,v
182,images/5cbe88914a72.jpg,0,,,v
183,images/5d4e5fd34d91.jpg,0,,,v
184,images/5de4615a5161.jpg,0,,,t
185,images/5e505e25cd3e.jpg,0,,,v
186,images/5e97cb2b0888.jpg,0,,,e
187,images/5f6db235c04d.jpg,0,,,e
188,images/609be3ca5ddf.jpg,0,,,t
189,images/60aa4e649abf.jpg,0,,,e
190,images/6180920bc224.jpg,0,,,e
191,images/61a62b1dcc36.jpg,0,,,t
192,images/61da799bf0aa.jpg,0,,,v
193,images/628b581aa905.jpg,0,,,v
194,images/6294b378d09f.jpg,0,,,t
195,images/633fe9dbaf39.jpg,0,,,t
196,images/63b71347e95d.jpg,0,,,t
197,images/63e041a757eb.jpg,0,,,e
198,images/6504b703c429.jpg,0,,,t
199,images/65a3b13ad9a0.jpg,0,,,v
200,images/65a7fe9482fe.jpg,0,,,e
201,images/65dda202653d.jpg,0,,,e
202,images/66393d8c60ba.jpg,0,,,e
203,images/66b88a4bc474.jpg,0,,,t
204,images/68ddb15a74de.jpg,0,,,t
205,images/69b3a00927fc.jpg,0,,,e
206,images/69c4cbb630de.jpg,0,,,e
207,images/6a2642131e4a.jpg,0,,,e
208,images/6a57a3db3eff.jpg,0,,,t
209,images/6a905a7202d2.jpg,0,,,t
210,images/6b30767595d8.jpg,0,,,t
211,images/6b66b0e86f7e.jpg,0,,,v
212,images/6bf2a81a5d91.jpg,0,,,t
213,images/6c6505a0c637.jpg,0,,,t
214,images/6d4f6c9a8406.jpg,0,,,t
215,images/6d5a8362dd1e.jpg,0,,,t
216,images/6d9effbcde78.jpg,0,,,e
217,images/6dc0281f11e3.jpg,0,,,e
218,images/6df8b7b6e837.jpg,0,,,t
219,images/6e0f78e188ff.jpg,0,,,e
220,images/6e1db8711879.jpg,0,,,v
221,images/6fbaaf8eb67a.jpg,0,,,t
222,images/7131bf4c9e6f.jpg,0,,,t
223,images/726dff37edc0.jpg,0,,,v
224,images/735836b1ffa6.jpg,0,,,t
225,images/737ef6226677.jpg,0,,,e
226,images/73d40ce06a67.jpg,0,,,t
227,images/73ef3c3dcbe4.jpg,0,,,t
228,images/74211a2b6dcf.jpg,0,,,v
229,images/74898f372d2b.jpg,0,,,e
230,images/757e39293591.jpg,0,,,e
231,images/75a071608ea6.jpg,0,,,t
232,images/76516f828d88.jpg,0,,,t
233,images/76bc31e0d3be.jpg,0,,,t
234,images/76cab26493f1.jpg,0,,,t
235,images/76cb010f7aa0.jpg,0,,,t
236,images/780f9c237c56.jpg,0,,,t
237,images/7831ce1d895e.jpg,0,,,t
238,images/789f0ec1eab8.jpg,0,,,t
239,images/79ade634c633.jpg,0,,,t
240,images/7a06ea127e02.jpg,0,,,v
241,images/7a12f49e29df.jpg,0,,,e
242,images/7a9f45fdf29b.jpg,0,,,t
243,images/7aabd768abff.jpg,0,,,t
244,images/7ad0c4975890.jpg,0,,,t
245,images/7af4d8704032.jpg,0,,,e
246,images/7b691d9ced34.jpg,0,,,e
247,images/7b9d519cbd66.jpg,0,,,t
248,images/7ba6b23c4b46.jpg,0,,,t
249,images/7bc00e58d419.jpg,0,,,t
250,images/7da558d92100.jpg,0,,,t
251,images/7ec0e61a7e29.jpg,0,,,t
252,images/7f1f3269f546.jpg,0,,,e
253,images/7fc3a8bb40de.jpg,0,,,e
254,images/7fe7309d0b4f.jpg,0,,,t
255,images/810ed108f5b7.jpg,0,,,t
256,images/81914ceb4e74.jpg,0,,,t
257,images/8329e80c10ac.jpg,0,,,e
258,images/837acf120946.jpg,0,,,t
259,images/83a63c4a3e4a.jpg,0,,,t
260,images/83d81ba5959c.jpg,0,,,t
261,images/83fda7c0500b.jpg,0,,,t
262,images/840a06a9c690.jpg,0,,,e
263,images/847b04287c9c.jpg,0,,,e
264,images/84b88e8d3bca.jpg,0,,,t
265,images/851e40a21f81.jpg,0,,,v
266,images/8650d32f4a9e.jpg,0,,,t
267,images/8693ab1fd2be.jpg,0,,,t
268,images/875d2ffcbf47.jpg,0,,,e
269,images/876deb29f000.jpg,0,,,e
270,images/87b671c6d4c5.jpg,0,,,v
271,images/883c6a184f16.jpg,0,,,t
272,images/883ddb650967.jpg,0,,,t
273,images/88e5051f65bd.jpg,0,,,t
274,images/8af50c9d0a86.jpg,0,,,t
275,images/8b079e79035f.jpg,0,,,t
276,images/8bf2d925dc0c.jpg,0,,,e
277,images/8c4ceddeb1c6.jpg,0,,,t
278,images/8d13c46e7d75.jpg,0,,,t
279,images/8d4ff745a409.jpg,0,,,e
280,images/8e6df9eedcd8.jpg,0,,,t
281,images/8e76054f0831.jpg,0,,,t
282,images/8f06ca4642bd.jpg,0,,,v
283,images/8f14bca04b47.jpg,0,,,e
284,images/8fbb2ca39911.jpg,0,,,e
285,images/90a9a41eec6d.jpg,0,,,v
286,images/90bde2ff8953.jpg,0,,,t
287,images/912fbe06407e.jpg,0,,,t
288,images/916915f01e17.jpg,0,,,e
289,images/91b7a4179ecf.jpg,0,,,v
290,images/9274e75dc4d5.jpg,0,,,v
291,images/92e3d608fd3c.jpg,0,,,t
292,images/92fcf50b3562.jpg,0,,,t
293,images/93802d1e3c41.jpg,0,,,e
294,images/94076a9fb9b5.jpg,0,,,t
295,images/946545473380.jpg,0,,,e
296,images/949710bead24.jpg,0,,,t
297,images/94b9ccc73bb9.jpg,0,,,t
298,images/94f9ecf4b8d2.jpg,0,,,t
299,images/96793edb1003.jpg,0,,,t
300,images/96ea316ed0ab.jpg,0,,,v
301,images/973b0facfa9b.jpg,0,,,e
302,images/97fdee242fea.jpg,0,,,t
303,images/983c98354e9c.jpg,0,,,v
304,images/98441214557f.jpg,0,,,e
305,images/98d41bce73a8.jpg,0,,,v
306,images/99c626e58464.jpg,0,,,v
307,images/9a1029536d78.jpg,0,,,t
308,images/9ab18a4a957f.jpg,0,,,t
309,images/9be71d6d7e59.jpg,0,,,v
310,images/9c514d2d5b3f.jpg,0,,,t
311,images/9ce46d400cd6.jpg,0,,,t
312,images/9de9421f17e3.jpg,0,,,t
313,images/9e2058917304.jpg,0,,,e
314,images/9e5737f771c3.jpg,0,,,t
315,images/9e99ae6ee7af.jpg,0,,,e
316,images/9f1b14dfa14c.jpg,0,,,t
317,images/a06b353e7bed.jpg,0,,,e
318,images/a0fd94e2ad76.jpg,0,,,t
319,images/a11c62cb3f86.jpg,0,,,t
320,images/a12ca80bb8c7.jpg,0,,,e
321,images/a188c60b93fb.jpg,0,,,v
322,images/a1b28bcbce00.jpg,0,,,t
323,images/a247961a5cd9.jpg,0,,,t
324,images/a2b97d98f130.jpg,0,,,t
325,images/a34fc5376669.jpg,0,,,v
326,images/a419fcb2dfb5.jpg,0,,,t
327,images/a44345b27804.jpg,0,,,v
328,images/a484bdf85b4c.jpg,0,,,t
329,images/a528be013a04.jpg,0,,,v
330,images/a6356a3c5d11.jpg,0,,,e
331,images/a673193cd5a9.jpg,0,,,t
332,images/a6b6d27c1b32.jpg,0,,,v
333,images/a70d0f12a641.jpg,0,,,t
334,images/a73d012c4c38.jpg,0,,,t
335,images/a8263d248523.jpg,0,,,e
336,images/a8b637abd96b.jpg,0,,,t
337,images/a94da3d3b5c0.jpg,0,,,e
338,images/a963ac561580.jpg,0,,,t
339,images/a9b3177f01c0.jpg,0,,,t
340,images/a9bc2f892cb3.jpg,0,,,e
341,images/aa4407aab872.jpg,0,,,t
342,images/aa60813e1a8d.jpg,0,,,t
343,images/aa6242f9e08c.jpg,0,,,e
344,images/aa8a1e814811.jpg,0,,,t
345,images/aaaadb174012.jpg,0,,,e
346,images/aafb0c944f14.jpg,0,,,t
347,images/abbb8791785e.jpg,0,,,t
348,images/abe940882578.jpg,0,,,t
349,images/ad029ba7fa8b.jpg,0,,,t
350,images/ad12cde115ab.jpg,0,,,t
351,images/ad1aa75d5630.jpg,0,,,v
352,images/ad6b07d5c338.jpg,0,,,t
353,images/ad93d88c87ea.jpg,0,,,t
354,images/ae2c3f6312ef.jpg,0,,,t
355,images/ae49cc60f251.jpg,0,,,t
356,images/ae61e19fb766.jpg,0,,,e
357,images/ae94ce412de9.jpg,0,,,t
358,images/aeb6f4fd2eed.jpg,0,,,t
359,images/aec51513cf45.jpg,0,,,v
360,images/af6166d57f13.jpg,0,,,t
361,images/afc744fad65e.jpg,0,,,v
362,images/b0c9a492e068.jpg,0,,,t
363,images/b0f0fa677d5f.jpg,0,,,t
364,images/b1c6f0997e27.jpg,0,,,t
365,images/b21abe5d9722.jpg,0,,,v
366,images/b294927b14b0.jpg,0,,,t
367,images/b35cad8fe2d7.jpg,0,,,t
368,images/b43440c6ebe4.jpg,0,,,t
369,images/b4b04d81acbb.jpg,0,,,e
370,images/b549af91bd30.jpg,0,,,t
371,images/b553e7909535.jpg,0,,,t
372,images/b5a3ca5c0a80.jpg,0,,,t
373,images/b5bf7b84fc66.jpg,0,,,t
374,images/b69c224edd6e.jpg,0,,,t
375,images/b72a86d61959.jpg,0,,,t
376,images/b73d0bcd3d33.jpg,0,,,t
377,images/b7bd4a6627b6.jpg,0,,,v
378,images/b86fb2d5be1a.jpg,0,,,e
379,images/b9519abce0c1.jpg,0,,,e
380,images/b9bc81fcb075.jpg,0,,,t
381,images/ba0107fb1bfd.jpg,0,,,t
382,images/ba4e62c11cc0.jpg,0,,,v
383,images/bacfa2b8e706.jpg,0,,,v
384,images/badb5ff8d3c7.jpg,0,,,e
385,images/bb2f89488ecd.jpg,0,,,e
386,images/bc8c6a778cde.jpg,0,,,t
387,images/bd500a73beae.jpg,0,,,e
388,images/bdc6c60e9133.jpg,0,,,t
389,images/be3a7d9e981e.jpg,0,,,t
390,images/be521870a0ea.jpg,0,,,t
391,images/be8697eb2078.jpg,0,,,e
392,images/bebfbd907cac.jpg,0,,,e
393,images/bf811911acf9.jpg,0,,,v
394,images/bffca6eeb2bf.jpg,0,,,t
395,images/c096131ad065.jpg,0,,,v
396,images/c1437a7a52c9.jpg,0,,,e
397,images/c26f98f58350.jpg,0,,,e
398,images/c2f3281cf528.jpg,0,,,t
399,images/c365c598ad4e.jpg,0,,,e
400,images/c3789c1dab96.jpg,0,,,e
401,images/c3b15bf9b4bc.jpg,0,,,e
402,images/c56293f53191.jpg,0,,,e
403,images/c58971bcebb2.jpg,0,,,e
404,images/c5bec7f1e5f3.jpg,0,,,t
405,images/c6229222bf22.jpg,0,,,v
406,images/c62cef02efa2.jpg,0,,,e
407,images/c639d837f5e4.jpg,0,,,e
408,images/c6f5b5b5be41.jpg,0,,,t
409,images/c755a0c4edcc.jpg,0,,,t
410,images/c7c3d363bc86.jpg,0,,,t
411,images/c81c6911f5e0.jpg,0,,,t
412,images/c85b79d70079.jpg,0,,,t
413,images/c90c6b94cf40.jpg,0,,,t
414,images/c98f623d08d1.jpg,0,,,t
415,images/c9e697117f3f.jpg,0,,,t
416,images/ca05f7e7801b.jpg,0,,,t
417,images/cad5b1a82e60.jpg,0,,,t
418,images/cb0cc98d7e35.jpg,0,,,e
419,images/cb68fce07789.jpg,0,,,t
420,images/cc671a73e1cb.jpg,0,,,t
421,images/cd01672507c9.jpg,0,,,t
422,images/cd1c98ec48b1.jpg,0,,,t
423,images/cd314653a4d8.jpg,0,,,t
424,images/ce754234d760.jpg,0,,,v
425,images/ce8d2efd9d4f.jpg,0,,,t
426,images/cec299c2a2d5.jpg,0,,,t
427,images/cf6551521a35.jpg,0,,,t
428,images/cf8f1bc7a215.jpg,0,,,t
429,images/cfed7c1172ec.jpg,0,,,t
430,images/cff262ed8f4c.jpg,0,,,v
431,images/d02b79fc3200.jpg,0,,,e
432,images/d18f6431ebce.jpg,0,,,v
433,images/d1afdb8cf70d.jpg,0,,,t
434,images/d1ca85af57c9.jpg,0,,,t
435,images/d26bb2ed6e71.jpg,0,,,t
436,images/d26bc6e1230d.jpg,0,,,t
437,images/d27ac9e54901.jpg,0,,,e
438,images/d2c5fb82fe5f.jpg,0,,,t
439,images/d2fb715b0c41.jpg,0,,,t
440,images/d30d079e6f9a.jpg,0,,,t
441,images/d332d7b8a26e.jpg,0,,,e
442,images/d38cf0f4a9af.jpg,0,,,v
443,images/d39752cb6e57.jpg,0,,,e
444,images/d3dfd0a2dee6.jpg,0,,,t
445,images/d4583e9525dc.jpg,0,,,t
446,images/d4bc001f7224.jpg,0,,,t
447,images/d516f77d4516.jpg,0,,,t
448,images/d51e5d7484ea.jpg,0,,,t
449,images/d6130f2ec903.jpg,0,,,t
450,images/d667af5742f6.jpg,0,,,t
451,images/d69698f838db.jpg,0,,,t
452,images/d6f6bdfd8011.jpg,0,,,e
453,images/d7078e8b0349.jpg,0,,,v
454,images/d74ccc796517.jpg,0,,,t
455,images/d7ac4a0c9760.jpg,0,,,e
456,images/d7bc62d60e8c.jpg,0,,,t
457,images/d807c53c1399.jpg,0,,,t
458,images/d866c26d76f0.jpg,0,,,t
459,images/d91635f380b4.jpg,0,,,e
460,images/d93b61dc8f64.jpg,0,,,t
461,images/d97911a32918.jpg,0,,,v
462,images/da0a83f074f3.jpg,0,,,t
463,images/da9574d35b82.jpg,0,,,e
464,images/daad7b617f21.jpg,0,,,t
465,images/db3cd58aa315.jpg,0,,,v
466,images/dc0f6e5b489b.jpg,0,,,e
467,images/dcc6c0ad5cad.jpg,0,,,t
468,images/dccdf750c962.jpg,0,,,t
469,images/dcf109df1a2b.jpg,0,,,e
470,images/ddb222ff7c1d.jpg,0,,,e
471,images/de4cdabbce6d.jpg,0,,,t
472,images/de55ed25e0e8.jpg,0,,,e
473,images/de57c9e9fa93.jpg,0,,,e
474,images/dee31065f8fe.jpg,0,,,e
475,images/df0886f1e76b.jpg,0,,,t
476,images/e01b7bac822b.jpg,0,,,e
477,images/e06cccc08c59.jpg,0,,,v
478,images/e135d7ba9a0e.jpg,0,,,t
479,images/e1c02f6c3362.jpg,0,,,t
480,images/e3cd96cb094c.jpg,0,,,t
481,images/e47452069ea1.jpg,0,,,t
482,images/e4a44f9158dc.jpg,0,,,t
483,images/e4ae1ee6aada.jpg,0,,,t
484,images/e529c5757d64.jpg,0,,,e
485,images/e582e56e7942.jpg,0,,,t
486,images/e594c19e2e1d.jpg,0,,,v
487,images/e68746d426b2.jpg,0,,,e
488,images/e6a5e4718873.jpg,0,,,e
489,images/e77a93c3d9a9.jpg,0,,,e
490,images/e893e86dde94.jpg,0,,,t
491,images/e8e44b3160e3.jpg,0,,,t
492,images/e907d23cce3d.jpg,0,,,e
493,images/e966850247f4.jpg,0,,,t
494,images/e97ecf4355cb.jpg,0,,,v
495,images/ea5c42a78979.jpg,0,,,v
496,images/ea6a53e54d0f.jpg,0,,,e
497,images/ea7e21bab610.jpg,0,,,t
498,images/eabf421f94d0.jpg,0,,,t
499,images/eae70f527755.jpg,0,,,t
500,images/eb050765b323.jpg,0,,,v
501,images/eb175669d789.jpg,0,,,t
502,images/ebd96d853918.jpg,0,,,e
503,images/ec01f0862669.jpg,0,,,t
504,images/ec0c9f817b03.jpg,0,,,t
505,images/ecad6845f630.jpg,0,,,t
506,images/ee77763a6afb.jpg,0,,,t
507,images/ef247f28004f.jpg,0,,,v
508,images/ef4121e9bb67.jpg,0,,,e
509,images/ef5155990874.jpg,0,,,e
510,images/f0267c42907c.jpg,0,,,e
511,images/f02956bd7c50.jpg,0,,,e
512,images/f233638e0e90.jpg,0,,,e
513,images/f36cb007a1ef.jpg,0,,,t
514,images/f3a4751af42e.jpg,0,,,v
515,images/f3bb996b45ce.jpg,0,,,e
516,images/f451eee2b66b.jpg,0,,,t
517,images/f48241b0c995.jpg,0,,,e
518,images/f4c7ae514c54.jpg,0,,,t
519,images/f56ff0440ed1.jpg,0,,,t
520,images/f7116e7b2f4e.jpg,0,,,e
521,images/f7735b6d47f7.jpg,0,,,e
522,images/f7e9fa75c7c1.jpg,0,,,t
523,images/f819c65b803c.jpg,0,,,t
524,images/f85fd4fac887.jpg,0,,,e
525,images/f8d62557ad0c.jpg,0,,,t
526,images/f9d8ff3e6592.jpg,0,,,t
527,images/fa0c87bd75ce.jpg,0,,,t
528,images/fa573163dd8b.jpg,0,,,v
529,images/fb88783de055.jpg,0,,,v
530,images/fbdc796290d4.jpg,0,,,t
531,images/fc898dfeb24f.jpg,0,,,t
532,images/fcc32dffd24d.jpg,0,,,t
533,images/fd079d2e93a2.jpg,0,,,t
534,images/fd87b6b2e664.jpg,0,,,t
535,images/fdbc252813b1.jpg,0,,,t
536,images/fe3f62695b2d.jpg,0,,,v
537,images/febfb20dc311.jpg,0,,,e
538,images/ff1e940105f9.jpg,0,,,t
539,images/ff4832d55461.jpg,0,,,v
540,images/ff59d44a70a7.jpg,0,,,e
541,images/ff631653374e.jpg,0,,,t
542,images/0369f3efe69b.jpg,1,,,v
543,images/03e25101e8e8.jpg,1,,,e
544,images/04ac765f91a1.jpg,1,,,e
545,images/07929d32b5b3.jpg,1,,,e
546,images/07a1c7073982.jpg,1,,,t
547,images/086d41d17da8.jpg,1,,,v
548,images/0ad7f631dedb.jpg,1,,,e
549,images/0d310aba6373.jpg,1,,,e
550,images/1116271db4ea.jpg,1,,,e
551,images/12ce6a1a1f31.jpg,1,,,t
552,images/1a03a7970337.jpg,1,,,t
553,images/1bb0ddfe753a.jpg,1,,,e
554,images/27e4c800a449.jpg,1,,,v
555,images/28f98cfe3858.jpg,1,,,e
556,images/2a08ed6bbcbc.jpg,1,,,t
557,images/2d9d97a6e713.jpg,1,,,t
558,images/2f2e1949ad56.jpg,1,,,t
559,images/33105f9b3a04.jpg,1,,,e
560,images/35aa7f5c2ec0.jpg,1,,,t
561,images/365f8c01d994.jpg,1,,,e
562,images/36677b70b1ef.jpg,1,,,e
563,images/38b9bb961847.jpg,1,,,e
564,images/3c72f580d4ba.jpg,1,,,t
565,images/3dbc90c7ee7d.jpg,1,,,e
566,images/3de8ad4151e1.jpg,1,,,e
567,images/3f73c91b7e32.jpg,1,,,t
568,images/40e9b5630438.jpg,1,,,t
569,images/4661006f3ba6.jpg,1,,,e
570,images/495255c7492f.jpg,1,,,t
571,images/4c129470cec4.jpg,1,,,t
572,images/4c3c1ed09771.jpg,1,,,t
573,images/4fa26d065ad3.jpg,1,,,t
574,images/50840c36f0b4.jpg,1,,,t
575,images/51131b48f9d4.jpg,1,,,t
576,images/523b3f0fc646.jpg,1,,,e
577,images/52ae917fcea4.jpg,1,,,v
578,images/5347b4c8e9b3.jpg,1,,,e
579,images/5548a7961a3e.jpg,1,,,t
580,images/55eac26bd383.jpg,1,,,t
581,images/58184d6fd087.jpg,1,,,e
582,images/582115961a3d.jpg,1,,,e
583,images/5b068765e846.jpg,1,,,t
584,images/5cab3ef4b31c.jpg,1,,,t
585,images/63a03880939c.jpg,1,,,t
586,images/64eb5a79dfdd.jpg,1,,,v
587,images/65e51e18242b.jpg,1,,,t
588,images/68332fdcaa70.jpg,1,,,t
589,images/6b07971c3bf6.jpg,1,,,t
590,images/6cdd0f985270.jpg,1,,,t
591,images/6d292ca4c9ad.jpg,1,,,e
592,images/6ea07d19b4ce.jpg,1,,,t
593,images/71f6a6e4620a.jpg,1,,,t
594,images/76be29bb30b2.jpg,1,,,t
595,images/76e589911303.jpg,1,,,v
596,images/78bcdffb8785.jpg,1,,,e
597,images/79ce83c07588.jpg,1,,,t
598,images/7ae69d22075a.jpg,1,,,t
599,images/7b20210d9120.jpg,1,,,v
600,images/7f60f2a083d3.jpg,1,,,e
601,images/84a72e15b23c.jpg,1,,,t
602,images/8676427e4625.jpg,1,,,t
603,images/8bc6716c2238.jpg,1,,,t
604,images/8fc09fecd22f.jpg,1,,,v
605,images/90c982cc2d96.jpg,1,,,t
606,images/92d9e9f08709.jpg,1,,,t
607,images/94372043d55b.jpg,1,,,e
608,images/94b1d8ad35ec.jpg,1,,,v
609,images/95a4cc805c7b.jpg,1,,,t
610,images/977e1ca77653.jpg,1,,,v
611,images/99132193eaa0.jpg,1,,,t
612,images/a28bfb772f50.jpg,1,,,t
613,images/a3ad6c2db6f1.jpg,1,,,t
614,images/a3d2a0c4cd17.jpg,1,,,e
615,images/a47432cd41e7.jpg,1,,,t
616,images/a5a2a7003d60.jpg,1,,,t
617,images/ad1f7445b1a8.jpg,1,,,v
618,images/af133a85ea0c.jpg,1,,,t
619,images/b7278b4f2448.jpg,1,,,t
620,images/b8ebedd382de.jpg,1,,,t
621,images/bacfb1029f6b.jpg,1,,,v
622,images/bebb3f167654.jpg,1,,,t
623,images/c027e5482e8c.jpg,1,,,e
624,images/c0968d41eb93.jpg,1,,,t
625,images/c0f15fe3b4b7.jpg,1,,,e
626,images/c102db7634d8.jpg,1,,,t
627,images/c1e6fa1ad314.jpg,1,,,t
628,images/c40976189f22.jpg,1,,,e
629,images/c96f743915b5.jpg,1,,,t
630,images/ca30a97e9d13.jpg,1,,,v
631,images/ca63fe4f4b52.jpg,1,,,t
632,images/ca7140ecf389.jpg,1,,,t
633,images/cc12453ea915.jpg,1,,,t
634,images/cf0575534cec.jpg,1,,,e
635,images/cf603a9ef2d5.jpg,1,,,t
636,images/d567a1a22d33.jpg,1,,,v
637,images/d66b6f333dc7.jpg,1,,,e
638,images/d66ccb75ada1.jpg,1,,,t
639,images/db4ed1e07aa3.jpg,1,,,t
640,images/dd19428c3d29.jpg,1,,,t
641,images/e38f3a65b02b.jpg,1,,,e
642,images/e580676516b0.jpg,1,,,v
643,images/ea15a290eb96.jpg,1,,,t
644,images/ead23cc922ed.jpg,1,,,t
645,images/eeb231c3ef1f.jpg,1,,,t
646,images/f481f76a6b75.jpg,1,,,e
647,images/f55e1d2a19e4.jpg,1,,,e
648,images/f5650eb52640.jpg,1,,,v
649,images/f7fec8935126.jpg,1,,,t
650,images/fca931da5c5e.jpg,1,,,t
651,images/fe674c2f73f5.jpg,1,,,t
652,images/fecf4c5ae84b.jpg,1,,,e
653,images/00b74780d31d.jpg,2,,,t
654,images/00e4ddff966a.jpg,2,,,t
655,images/0180bfa26c0b.jpg,2,,,t
656,images/01eb826f6467.jpg,2,,,t
657,images/033f2b43de6d.jpg,2,,,t
658,images/03676c71ed1b.jpg,2,,,t
659,images/03ff7d159f10.jpg,2,,,e
660,images/0415fc68b176.jpg,2,,,v
661,images/04a6fc58dabc.jpg,2,,,t
662,images/06024377d573.jpg,2,,,t
663,images/09eeafa9656a.jpg,2,,,t
664,images/09f6ab477654.jpg,2,,,e
665,images/0afdfe5f422c.jpg,2,,,t
666,images/0d0a21fd354f.jpg,2,,,t
667,images/0dbaa09a458c.jpg,2,,,v
668,images/0e75d51152fc.jpg,2,,,t
669,images/0fffa73e2402.jpg,2,,,t
670,images/10eefba568dd.jpg,2,,,t
671,images/1120f6d08d95.jpg,2,,,t
672,images/1124ffcd76c2.jpg,2,,,t
673,images/12025b34deb8.jpg,2,,,t
674,images/13063d1bc4ea.jpg,2,,,v
675,images/1414128bead0.jpg,2,,,t
676,images/141735b57ec0.jpg,2,,,t
677,images/14515b8f19b6.jpg,2,,,e
678,images/15528e740543.jpg,2,,,t
679,images/15cd5f52d300.jpg,2,,,t
680,images/1632c4311fc9.jpg,2,,,t
681,images/18323d8f2470.jpg,2,,,t
682,images/18d8fdb140b7.jpg,2,,,v
683,images/1968183f0e61.jpg,2,,,t
684,images/1a1b4b2450ca.jpg,2,,,v
685,images/1ae8c165fd53.jpg,2,,,t
686,images/1b8ad0afe9fb.jpg,2,,,t
687,images/1bea04b2bb2d.jpg,2,,,t
688,images/1c0e5dd1b14c.jpg,2,,,e
689,images/1c578b72d7b3.jpg,2,,,t
690,images/1c5ad36fb799.jpg,2,,,t
691,images/1da25637859b.jpg,2,,,v
692,images/1dbdc32c17db.jpg,2,,,v
693,images/1dd9adcbfff4.jpg,2,,,t
694,images/1dfbede13143.jpg,2,,,e
695,images/1e4b3b823b95.jpg,2,,,e
696,images/203275daf46d.jpg,2,,,t
697,images/20688cb25704.jpg,2,,,v
698,images/224bb938e2dd.jpg,2,,,t
699,images/236f56771ec6.jpg,2,,,v
700,images/246e4506824a.jpg,2,,,v
701,images/2532613a584a.jpg,2,,,e
702,images/261c6bd63bff.jpg,2,,,e
703,images/26453eb7e989.jpg,2,,,t
704,images/290ecdba359f.jpg,2,,,v
705,images/29580bed2f7d.jpg,2,,,t
706,images/29f44aea93a4.jpg,2,,,t
707,images/2a099b247b10.jpg,2,,,e
708,images/2a5a8b744f08.jpg,2,,,e
709,images/2af1bf226f51.jpg,2,,,t
710,images/2b074afdf626.jpg,2,,,e
711,images/2b21d293fdf2.jpg,2,,,t
712,images/2ba0b0d9bda2.jpg,2,,,e
713,images/2c2aa057afc5.jpg,2,,,t
714,images/2cbfc6182ba2.jpg,2,,,t
715,images/2e26762daed5.jpg,2,,,e
716,images/2e79041ef722.jpg,2,,,v
717,images/2f5c9cdfb333.jpg,2,,,t
718,images/2fdffb6160a6.jpg,2,,,t
719,images/302bcdb635ff.jpg,2,,,e
720,images/331b87d1b9d1.jpg,2,,,t
721,images/3402124408ea.jpg,2,,,v
722,images/362c4a96cebb.jpg,2,,,e
723,images/37de05ef12a5.jpg,2,,,t
724,images/39134907127a.jpg,2,,,t
725,images/3a122851e526.jpg,2,,,e
726,images/3a61e690f4bb.jpg,2,,,t
727,images/3b9c1f42c2f2.jpg,2,,,v
728,images/3c1efa38d0da.jpg,2,,,t
729,images/3c53198519f7.jpg,2,,,e
730,images/3d663a6a50a3.jpg,2,,,v
731,images/3ddb86eb530e.jpg,2,,,e
732,images/3f3de2a6b0f5.jpg,2,,,e
733,images/3f8d5c940ba4.jpg,2,,,t
734,images/40140a925c43.jpg,2,,,t
735,images/4189d4e631ec.jpg,2,,,e
736,images/423abbaa5fad.jpg,2,,,e
737,images/4242c0d87f57.jpg,2,,,t
738,images/42b93b574f23.jpg,2,,,t
739,images/4489d421e5aa.jpg,2,,,v
740,images/46923eea9a4e.jpg,2,,,t
741,images/475c7ded0f7a.jpg,2,,,t
742,images/4818672273af.jpg,2,,,t
743,images/48afe8c47454.jpg,2,,,t
744,images/48c49f662f7d.jpg,2,,,e
745,images/48fda42bd5d4.jpg,2,,,t
746,images/49a4765f8822.jpg,2,,,t
747,images/4a0bba3b7d83.jpg,2,,,e
748,images/4b1001050f1d.jpg,2,,,t
749,images/4b5ffea77373.jpg,2,,,t
750,images/4ed31cc07366.jpg,2,,,t
751,images/4f46d7ee61ed.jpg,2,,,e
752,images/510aa0a898fa.jpg,2,,,t
753,images/51405d042000.jpg,2,,,e
754,images/5152bf091152.jpg,2,,,e
755,images/51d0034d177d.jpg,2,,,t
756,images/51d780864365.jpg,2,,,e
757,images/52230bbef30e.jpg,2,,,t
758,images/5265dc9acdf8.jpg,2,,,t
759,images/527bea76116c.jpg,2,,,t
760,images/530d78467615.jpg,2,,,e
761,images/55034b1dbff2.jpg,2,,,t
762,images/55fd453001cc.jpg,2,,,e
763,images/5723d0ec895e.jpg,2,,,t
764,images/57ce57a8cfb0.jpg,2,,,t
765,images/59f3f70abddd.jpg,2,,,t
766,images/5a03fe3ed15c.jpg,2,,,e
767,images/5a2c27b95c7c.jpg,2,,,t
768,images/5b644a403e1f.jpg,2,,,e
769,images/5d024177e214.jpg,2,,,e
770,images/60e269e3e188.jpg,2,,,t
771,images/624fb7317106.jpg,2,,,v
772,images/63c3c571b8ee.jpg,2,,,t
773,images/63d217b059b6.jpg,2,,,t
774,images/66d2ca47aa44.jpg,2,,,t
775,images/674057ab250c.jpg,2,,,t
776,images/67844c46bc61.jpg,2,,,e
777,images/67c03349bb31.jpg,2,,,t
778,images/686ed1dbae20.jpg,2,,,v
779,images/69591ebb198d.jpg,2,,,v
780,images/698d6e422a80.jpg,2,,,e
781,images/6a91eb157f47.jpg,2,,,t
782,images/6c2555a9cae4.jpg,2,,,e
783,images/6cbc3dad809c.jpg,2,,,v
784,images/6dcde47060f9.jpg,2,,,t
785,images/6e68e742f5bc.jpg,2,,,t
786,images/6f0463c1ff18.jpg,2,,,e
787,images/709784f7fcc2.jpg,2,,,t
788,images/70f5caf5f305.jpg,2,,,t
789,images/711d1480d2e3.jpg,2,,,t
790,images/7350c50667c5.jpg,2,,,t
791,images/7356dd08b0ae.jpg,2,,,t
792,images/7455e2b5fc57.jpg,2,,,t
793,images/7663aba8d762.jpg,2,,,v
794,images/76c0c7e1b6cb.jpg,2,,,t
795,images/76cfe8967f7d.jpg,2,,,e
796,images/77baa08a1345.jpg,2,,,t
797,images/78d53c82a23e.jpg,2,,,t
798,images/79540be95177.jpg,2,,,e
799,images/7c2f820a6425.jpg,2,,,t
800,images/7c52fe73e748.jpg,2,,,t
801,images/7d1da90d3ca9.jpg,2,,,e
802,images/7e9458de5707.jpg,2,,,v
803,images/803120c5d287.jpg,2,,,t
804,images/80b5a9519aec.jpg,2,,,e
805,images/81b0a2651c45.jpg,2,,,t
806,images/82f2784ead76.jpg,2,,,e
807,images/83b61051737f.jpg,2,,,e
808,images/842d697884f6.jpg,2,,,e
809,images/855f0a5442b6.jpg,2,,,t
810,images/85cc6d636898.jpg,2,,,e
811,images/85fce24084da.jpg,2,,,t
812,images/86b3a7929bec.jpg,2,,,e
813,images/873fe0404d6e.jpg,2,,,e
814,images/878a3a097436.jpg,2,,,t
815,images/879744b9dc65.jpg,2,,,t
816,images/8a759f94613a.jpg,2,,,e
817,images/8aab201c0691.jpg,2,,,t
818,images/8ab8d9b3ce3f.jpg,2,,,t
819,images/8bdb891661a8.jpg,2,,,e
820,images/8d3d67661620.jpg,2,,,t
821,images/8e63fc4ab532.jpg,2,,,v
822,images/9033f1493da1.jpg,2,,,v
823,images/91a88d3b0358.jpg,2,,,t
824,images/91cbe1c775ef.jpg,2,,,e
825,images/91e8af9ceee9.jpg,2,,,e
826,images/929cd3867815.jpg,2,,,v
827,images/92f313287a29.jpg,2,,,v
828,images/94dcb491143f.jpg,2,,,t
829,images/96d48b073f18.jpg,2,,,t
830,images/975252e325e3.jpg,2,,,t
831,images/98104c8c67eb.jpg,2,,,t
832,images/9837048b85dc.jpg,2,,,e
833,images/98e8adcf085c.jpg,2,,,t
834,images/98f48850ebce.jpg,2,,,t
835,images/9a28d4e8aef0.jpg,2,,,t
836,images/9a4f370d341b.jpg,2,,,t
837,images/9a78c6a7b1c2.jpg,2,,,t
838,images/9b0eb9f41da4.jpg,2,,,t
839,images/9b32e8ef0ca0.jpg,2,,,v
840,images/9cedf5c7016b.jpg,2,,,t
841,images/9f4132bd6ed6.jpg,2,,,v
842,images/9f5a8665cf2e.jpg,2,,,e
843,images/9faad91b6578.jpg,2,,,t
844,images/a0267206d51e.jpg,2,,,v
845,images/a125377fb985.jpg,2,,,t
846,images/a15590a7d774.jpg,2,,,t
847,images/a3475dc3ac80.jpg,2,,,t
848,images/a3706ce27869.jpg,2,,,e
849,images/a476fd984005.jpg,2,,,t
850,images/a4d41c495666.jpg,2,,,v
851,images/a56729de89e9.jpg,2,,,t
852,images/a721efb1e049.jpg,2,,,t
853,images/a790a3b36390.jpg,2,,,v
854,images/a7b0d0c51731.jpg,2,,,e
855,images/a7b7dc8788b9.jpg,2,,,t
856,images/a804cef3e51f.jpg,2,,,t
857,images/a8652b2de23f.jpg,2,,,v
858,images/a87f53bc984a.jpg,2,,,e
859,images/a88f68b0b114.jpg,2,,,t
860,images/a8eb35b3bcd2.jpg,2,,,e
861,images/a9a28c37c8c4.jpg,2,,,e
862,images/aa9b8f05f4bf.jpg,2,,,t
863,images/aca88f566228.jpg,2,,,v
864,images/ae1344610ebe.jpg,2,,,t
865,images/ae8424cdb029.jpg,2,,,t
866,images/af828dab3ffc.jpg,2,,,v
867,images/af831c158744.jpg,2,,,t
868,images/af8aa32beee4.jpg,2,,,e
869,images/b0cc9f8d06e4.jpg,2,,,t
870,images/b187b3c93afb.jpg,2,,,e
871,images/b2748ac28fc1.jpg,2,,,t
872,images/b2aaa81cc8f0.jpg,2,,,v
873,images/b60dbf9f0744.jpg,2,,,e
874,images/b65ff67743b2.jpg,2,,,t
875,images/b8f1b30877db.jpg,2,,,t
876,images/b9127e38d9b9.jpg,2,,,t
877,images/b95d4dd8e5e2.jpg,2,,,t
878,images/bca2bdc15fc5.jpg,2,,,e
879,images/bcc762618e7d.jpg,2,,,v
880,images/bf7047dc683c.jpg,2,,,t
881,images/bfaa0080ab61.jpg,2,,,t
882,images/c0202976c670.jpg,2,,,e
883,images/c3acf47700ea.jpg,2,,,e
884,images/c48ae5da188e.jpg,2,,,v
885,images/c52bb7343387.jpg,2,,,v
886,images/c6a2975228af.jpg,2,,,t
887,images/c7c0470bcf87.jpg,2,,,t
888,images/c87493ed320c.jpg,2,,,t
889,images/c8823cdaf7fa.jpg,2,,,e
890,images/c9f0dc2c8b43.jpg,2,,,e
891,images/ca0f1a17c8e5.jpg,2,,,e
892,images/ca891d37a43c.jpg,2,,,t
893,images/cac40227d3b2.jpg,2,,,t
894,images/cb75210abebe.jpg,2,,,e
895,images/cd29c88c9e36.jpg,2,,,t
896,images/cd3fd04d72f5.jpg,2,,,e
897,images/cd9e2190c73f.jpg,2,,,t
898,images/d10d315f123f.jpg,2,,,t
899,images/d144144a2f3f.jpg,2,,,t
900,images/d15ca3469b87.jpg,2,,,e
901,images/d18aea8238a0.jpg,2,,,t
902,images/d1f1ea894da1.jpg,2,,,t
903,images/d29096bd94aa.jpg,2,,,t
904,images/d83c3efade75.jpg,2,,,t
905,images/d85a842d20bd.jpg,2,,,e
906,images/d8cdb7d7283a.jpg,2,,,e
907,images/d968a983d4d2.jpg,2,,,t
908,images/d990a3f0cbdb.jpg,2,,,t
909,images/d9bbdc33db83.jpg,2,,,t
910,images/da0a1043abf7.jpg,2,,,t
911,images/da44f80b422b.jpg,2,,,e
912,images/dee687c6e88a.jpg,2,,,e
913,images/df3adfd6ba36.jpg,2,,,t
914,images/df5ce3ea7820.jpg,2,,,e
915,images/e03e70bc8bba.jpg,2,,,e
916,images/e06d3d4733f0.jpg,2,,,e
917,images/e0863b353093.jpg,2,,,t
918,images/e10190a9d52f.jpg,2,,,e
919,images/e12b67835e03.jpg,2,,,t
920,images/e1e490773462.jpg,2,,,t
921,images/e229aca862c7.jpg,2,,,t
922,images/e2a47a74e6e1.jpg,2,,,v
923,images/e3e490babc0c.jpg,2,,,t
924,images/e499434242cc.jpg,2,,,t
925,images/e5d56f4f359b.jpg,2,,,t
926,images/e6a58edc5b42.jpg,2,,,t
927,images/e7a372a1c3a4.jpg,2,,,t
928,images/e811f39a1243.jpg,2,,,t
929,images/e83d315d8f98.jpg,2,,,t
930,images/ea4dcb055139.jpg,2,,,t
931,images/eadfc8809ec8.jpg,2,,,e
932,images/eb32a815f78c.jpg,2,,,e
933,images/ee059945b08a.jpg,2,,,v
934,images/ee6e39319b39.jpg,2,,,t
935,images/ee74c3b177e0.jpg,2,,,t
936,images/ef7a4ed8d5d1.jpg,2,,,t
937,images/efff2f1a35f5.jpg,2,,,v
938,images/f18abfa690ab.jpg,2,,,e
939,images/f3b6b7ca1eb1.jpg,2,,,e
940,images/f460608cf4cc.jpg,2,,,e
941,images/f5e9a307288c.jpg,2,,,e
942,images/f80118bbda18.jpg,2,,,t
943,images/f8372e80f731.jpg,2,,,t
944,images/f9e779a13204.jpg,2,,,v
945,images/fa3e544a7401.jpg,2,,,e
946,images/fa748b57262b.jpg,2,,,v
947,images/fba493e17448.jpg,2,,,t
948,images/fc4d69128e7c.jpg,2,,,t
949,images/fe37f4492920.jpg,2,,,t
950,images/ff344e5c9341.jpg,2,,,t
951,images/ff52392372d3.jpg,2,,,t
952,images/ff77e8e5b5f3.jpg,2,,,v
953,images/069f43616fab.jpg,3,,,e
954,images/070f67572d03.jpg,3,,,t
955,images/0edadb2aa127.jpg,3,,,t
956,images/14e3f84445f7.jpg,3,,,e
957,images/15f440753916.jpg,3,,,v
958,images/1623e8e3adc4.jpg,3,,,e
959,images/191a711852bd.jpg,3,,,v
960,images/269b44e628eb.jpg,3,,,e
961,images/299086c6d1b5.jpg,3,,,t
962,images/2bb063318cf1.jpg,3,,,t
963,images/2f42e20db938.jpg,3,,,t
964,images/3218a6d8eb2c.jpg,3,,,e
965,images/36865bbc64d6.jpg,3,,,v
966,images/36b5b3c9fb32.jpg,3,,,v
967,images/383e72af1955.jpg,3,,,e
968,images/3b018e8b7303.jpg,3,,,t
969,images/3fa4f4d77177.jpg,3,,,t
970,images/405b4f78658f.jpg,3,,,t
971,images/4360a112db10.jpg,3,,,t
972,images/498f143c0374.jpg,3,,,e
973,images/4c60b10a3a6a.jpg,3,,,e
974,images/4d47300e3ddb.jpg,3,,,t
975,images/4d9fc85a8259.jpg,3,,,v
976,images/51da6aebba8f.jpg,3,,,t
977,images/537e50fdf22e.jpg,3,,,t
978,images/5f13e8a07344.jpg,3,,,e
979,images/6253f23229b1.jpg,3,,,e
980,images/6b128e648646.jpg,3,,,e
981,images/6e92b1c5ac8e.jpg,3,,,t
982,images/6efa36d59ada.jpg,3,,,t
983,images/71a39c660432.jpg,3,,,t
984,images/80e7cc0a0649.jpg,3,,,v
985,images/8c0d05233238.jpg,3,,,t
986,images/910bfd38e2f5.jpg,3,,,t
987,images/916ec976ff30.jpg,3,,,e
988,images/91cf56d3d1af.jpg,3,,,t
989,images/9878db94d9f3.jpg,3,,,t
990,images/9b093fe95d6b.jpg,3,,,e
991,images/9c52b87d01f1.jpg,3,,,t
992,images/a14bbd9a583e.jpg,3,,,t
993,images/a80dab8eddf4.jpg,3,,,t
994,images/aae8f9f3ef8c.jpg,3,,,t
995,images/b2ffa3e18559.jpg,3,,,t
996,images/c3a82acb7d7a.jpg,3,,,t
997,images/c5a9ebef1517.jpg,3,,,e
998,images/ce207b69ff37.jpg,3,,,e
999,images/d0ffa0425ef1.jpg,3,,,e
1000,images/d16398c971e9.jpg,3,,,v
1001,images/d868acdccb5b.jpg,3,,,e
1002,images/dbb2c63f6f08.jpg,3,,,t
1003,images/e1900014dabf.jpg,3,,,e
1004,images/e1fb532f55df.jpg,3,,,e
1005,images/e32a359be36d.jpg,3,,,t
1006,images/e52ed5c29c5e.jpg,3,,,v
1007,images/e93394175a19.jpg,3,,,e
1008,images/f576e45d1da2.jpg,3,,,e
1009,images/f901d460517c.jpg,3,,,t
1010,images/f9156aeffc5e.jpg,3,,,v
1011,images/02dda30d3acf.jpg,4,,,t
1012,images/0318598cfd16.jpg,4,,,t
1013,images/08a3875063c3.jpg,4,,,t
1014,images/0981195eb9fb.jpg,4,,,t
1015,images/0bf37ca3156a.jpg,4,,,t
1016,images/0e0fc1d9810c.jpg,4,,,t
1017,images/0e82bcacc475.jpg,4,,,e
1018,images/10fca1abf338.jpg,4,,,t
1019,images/11242a67122d.jpg,4,,,v
1020,images/1a90fad9ffa2.jpg,4,,,t
1021,images/2017cd92c63d.jpg,4,,,t
1022,images/21d18b022429.jpg,4,,,t
1023,images/222f3ee3a1e8.jpg,4,,,v
1024,images/247e98aba610.jpg,4,,,t
1025,images/2bbcfdc477db.jpg,4,,,v
1026,images/3206171db5be.jpg,4,,,t
1027,images/374535e0adb8.jpg,4,,,e
1028,images/37c4dfe03aba.jpg,4,,,t
1029,images/3b185ac445d0.jpg,4,,,v
1030,images/3c78bfca247b.jpg,4,,,t
1031,images/3ee4841936ef.jpg,4,,,e
1032,images/46d3316c4857.jpg,4,,,e
1033,images/4abca30b676b.jpg,4,,,t
1034,images/4dc2211a1c31.jpg,4,,,e
1035,images/4dd71fc7f22b.jpg,4,,,v
1036,images/518e880613de.jpg,4,,,t
1037,images/51a1d162e223.jpg,4,,,t
1038,images/58b866484a05.jpg,4,,,t
1039,images/5dd2e26fc244.jpg,4,,,e
1040,images/612f2df37a1d.jpg,4,,,e
1041,images/613028ede6a0.jpg,4,,,e
1042,images/6194e0fff071.jpg,4,,,t
1043,images/61bbc11fe503.jpg,4,,,t
1044,images/63b4d030b016.jpg,4,,,v
1045,images/6630f8675a97.jpg,4,,,e
1046,images/664b1f9a2087.jpg,4,,,t
1047,images/66a0bf258013.jpg,4,,,e
1048,images/6c250a30593b.jpg,4,,,v
1049,images/6c3745a222da.jpg,4,,,t
1050,images/6d7d26025122.jpg,4,,,t
1051,images/6fe67482bfae.jpg,4,,,t
1052,images/753b14c27c83.jpg,4,,,e
1053,images/7c90ab025331.jpg,4,,,t
1054,images/7e0598cc88a0.jpg,4,,,e
1055,images/82bb8a01935f.jpg,4,,,e
1056,images/857230f64a2e.jpg,4,,,t
1057,images/8596a24a14bd.jpg,4,,,e
1058,images/875a2fc5fe23.jpg,4,,,v
1059,images/887c26fc0e1f.jpg,4,,,e
1060,images/8bad12d70368.jpg,4,,,t
1061,images/8c7c26c52a6c.jpg,4,,,e
1062,images/8f318a978844.jpg,4,,,t
1063,images/8fd7ad26e691.jpg,4,,,e
1064,images/94ef1d14597f.jpg,4,,,v
1065,images/97da093947e8.jpg,4,,,t
1066,images/9a496b1e20f9.jpg,4,,,e
1067,images/9c72ed6befa0.jpg,4,,,t
1068,images/9e3510963315.jpg,4,,,t
1069,images/9fab29e69a6b.jpg,4,,,e
1070,images/a11bf2edd470.jpg,4,,,t
1071,images/a2ddabee14e9.jpg,4,,,t
1072,images/a3fcf42ff56d.jpg,4,,,t
1073,images/a6d45de20e4d.jpg,4,,,t
1074,images/a76b69e443ce.jpg,4,,,e
1075,images/ab1c20a94f3f.jpg,4,,,t
1076,images/b3819a805dca.jpg,4,,,v
1077,images/b87f9c59748b.jpg,4,,,e
1078,images/b90bc89ce8d8.jpg,4,,,e
1079,images/b96b518596b3.jpg,4,,,e
1080,images/ba735b286d62.jpg,4,,,t
1081,images/bba38f2294a3.jpg,4,,,t
1082,images/bfdee9be1f1d.jpg,4,,,t
1083,images/c1799a6f5c65.jpg,4,,,t
1084,images/c6a145742708.jpg,4,,,t
1085,images/cd93a472e5cd.jpg,4,,,e
1086,images/d271d3a2b552.jpg,4,,,t
1087,images/d2c2f02bb313.jpg,4,,,e
1088,images/d51b3fe0fa1b.jpg,4,,,t
1089,images/e23add229074.jpg,4,,,t
1090,images/e4730ddde408.jpg,4,,,t
1091,images/eadc57064154.jpg,4,,,v
1092,images/eb1d37b71fd1.jpg,4,,,t
1093,images/ee1ec90b980f.jpg,4,,,t
1094,images/f025f33b2c9b.jpg,4,,,t
1095,images/f69835dc7c50.jpg,4,,,e
1096,images/f72adcac5638.jpg,4,,,e
1097,images/fce93caa4758.jpg,4,,,e
1098,images/fdd534271f3d.jpg,4,,,t
1099,images/ff8a0b45c789.jpg,4,,,t
1100,images/0097f532ac9f.jpg,0,,,t
1101,images/00f6c1be5a33.jpg,0,,,t
1102,images/0125fbd2e791.jpg,0,,,t
1103,images/014508ccb9cb.jpg,0,,,t
1104,images/0151781fe50b.jpg,0,,,e
1105,images/01d9477b1171.jpg,0,,,t
1106,images/01f7bb8be950.jpg,0,,,t
1107,images/0212dd31f623.jpg,0,,,t
1108,images/0232dfea7547.jpg,0,,,e
1109,images/02358b47ea89.jpg,0,,,v
1110,images/02da652c74b8.jpg,0,,,t
1111,images/0304bedad8fe.jpg,0,,,t
1112,images/04579e31e4be.jpg,0,,,v
1113,images/04efb1a284cc.jpg,0,,,t
1114,images/050bb1eafa76.jpg,0,,,e
1115,images/05113073b268.jpg,0,,,t
1116,images/05195a3db5e2.jpg,0,,,t
1117,images/05339950962e.jpg,0,,,e
1118,images/054b1b305160.jpg,0,,,t
1119,images/0551676cc2aa.jpg,0,,,t
1120,images/05e9126dfa5c.jpg,0,,,e
1121,images/060e00d1e2ab.jpg,0,,,e
1122,images/06586082a24d.jpg,0,,,e
1123,images/0709652336e2.jpg,0,,,e
1124,images/07a0be6b347f.jpg,0,,,t
1125,images/07a2b8cabf6b.jpg,0,,,t
1126,images/07f5d7baf907.jpg,0,,,t
1127,images/08f8838d69bb.jpg,0,,,e
1128,images/0924cec998fa.jpg,0,,,v
1129,images/093cf723fede.jpg,0,,,t
1130,images/09662e462531.jpg,0,,,t
1131,images/09934421c79e.jpg,0,,,t
1132,images/09f1111a388a.jpg,0,,,e
1133,images/0a4e1a29ffff.jpg,0,,,t
1134,images/0a902c80d5da.jpg,0,,,t
1135,images/0abf0c485f66.jpg,0,,,e
1136,images/0ae2dd2e09ea.jpg,0,,,t
1137,images/0afbeeef0ff7.jpg,0,,,t
1138,images/0b00f8a77510.jpg,0,,,e
1139,images/0b2ea8f268cf.jpg,0,,,t
1140,images/0b3efe669365.jpg,0,,,t
1141,images/0b64a0a06f9a.jpg,0,,,t
1142,images/0b8bdec9d869.jpg,0,,,t
1143,images/0c43c79e8cfb.jpg,0,,,t
1144,images/0d0b8fc9ab5c.jpg,0,,,e
1145,images/0d744aed4d64.jpg,0,,,t
1146,images/0d8f60ed9280.jpg,0,,,t
1147,images/0da632ca45e0.jpg,0,,,t
1148,images/0daddc45d832.jpg,0,,,v
1149,images/0dbe6c26cedc.jpg,0,,,t
1150,images/0e0003ddd8df.jpg,0,,,e
1151,images/0e43c8298fc0.jpg,0,,,v
1152,images/0e94cd271c00.jpg,0,,,t
1153,images/0eced86c9db8.jpg,0,,,v
1154,images/0f364b7d4384.jpg,0,,,t
1155,images/0f6e645466a2.jpg,0,,,t
1156,images/0fe31196e0e8.jpg,0,,,t
1157,images/10bf25731c08.jpg,0,,,t
1158,images/10f6ef37fe43.jpg,0,,,e
1159,images/11d8e5eaee5b.jpg,0,,,v
1160,images/12ae44be0d38.jpg,0,,,t
1161,images/13c191b59ed0.jpg,0,,,t
1162,images/13d014ccd136.jpg,0,,,t
1163,images/13d411c85ffd.jpg,0,,,t
1164,images/1409ab48175a.jpg,0,,,e
1165,images/14c3b41d289c.jpg,0,,,t
1166,images/1509d097b69a.jpg,0,,,e
1167,images/150f92b45349.jpg,0,,,t
1168,images/150fc7127582.jpg,0,,,t
1169,images/152db3de8120.jpg,0,,,v
1170,images/155e2df6bfcf.jpg,0,,,e
1171,images/15c24478ac72.jpg,0,,,t
1172,images/15f8d769935c.jpg,0,,,t
1173,images/1601c939412f.jpg,0,,,t
1174,images/16060f05d047.jpg,0,,,t
1175,images/17d7d6b092f4.jpg,0,,,t
1176,images/17d997fe1090.jpg,0,,,t
1177,images/17e6116b89b3.jpg,0,,,t
1178,images/17f6c7072f61.jpg,0,,,t
1179,images/184a185e7447.jpg,0,,,t
1180,images/1864d3411143.jpg,0,,,t
1181,images/188219f2d9c6.jpg,0,,,e
1182,images/189cbbc9e5e3.jpg,0,,,v
1183,images/190a309f2cc5.jpg,0,,,e
1184,images/191cf5668f33.jpg,0,,,v
1185,images/19545647508e.jpg,0,,,e
1186,images/197af0de76e2.jpg,0,,,t
1187,images/19b0e3c734f5.jpg,0,,,t
1188,images/1a19f2ef4472.jpg,0,,,t
1189,images/1ab8d3431ffc.jpg,0,,,t
1190,images/1ae3c58759fb.jpg,0,,,e
1191,images/1b3647865779.jpg,0,,,e
1192,images/1b398c0494d1.jpg,0,,,t
1193,images/1b862fb6f65d.jpg,0,,,e
1194,images/1b8701231c8f.jpg,0,,,t
1195,images/1c7a013eeba7.jpg,0,,,t
1196,images/1c9c583c10bf.jpg,0,,,v
1197,images/1ca35d483772.jpg,0,,,e
1198,images/1ca91751be4d.jpg,0,,,e
1199,images/1caba2fb38f6.jpg,0,,,e
1200,images/1cb6961d141c.jpg,0,,,e
1201,images/1cc58b15f466.jpg,0,,,v
1202,images/1d29cb2f4296.jpg,0,,,t
1203,images/1d37f1c8b6d8.jpg,0,,,e
1204,images/1d46f1326394.jpg,0,,,e
1205,images/1da4a17c18c9.jpg,0,,,e
1206,images/1db6bb46c102.jpg,0,,,e
1207,images/1df0431bfa73.jpg,0,,,t
1208,images/1df0a4c23c95.jpg,0,,,t
1209,images/1dfe599d12a9.jpg,0,,,t
1210,images/1e036f2e7095.jpg,0,,,t
1211,images/1e8c31e29dd3.jpg,0,,,e
1212,images/1ee355480567.jpg,0,,,t
1213,images/1eee55494271.jpg,0,,,e
1214,images/1f15ca672675.jpg,0,,,e
1215,images/1f3f32efaf20.jpg,0,,,t
1216,images/1f4fb37e0854.jpg,0,,,e
1217,images/1f9ccda4ddf2.jpg,0,,,e
1218,images/1faf8664816c.jpg,0,,,t
1219,images/1fddd7c98fd2.jpg,0,,,t
1220,images/201f6e10c108.jpg,0,,,v
1221,images/201f882365d3.jpg,0,,,e
1222,images/21037f5c7790.jpg,0,,,t
1223,images/210bfe0127c6.jpg,0,,,t
1224,images/2209daf71aab.jpg,0,,,t
1225,images/2221cf5c7935.jpg,0,,,t
1226,images/233d948e2544.jpg,0,,,t
1227,images/2399d68d407f.jpg,0,,,t
1228,images/2408799a09b2.jpg,0,,,v
1229,images/240b25a7debe.jpg,0,,,t
1230,images/242fc19be06f.jpg,0,,,t
1231,images/24de56d433cd.jpg,0,,,v
1232,images/24f271c87e73.jpg,0,,,t
1233,images/2585bbc91909.jpg,0,,,v
1234,images/25a0a1e41afd.jpg,0,,,t
1235,images/25b4080f598b.jpg,0,,,t
1236,images/266fbefa58fb.jpg,0,,,t
1237,images/26d60db3bbfd.jpg,0,,,t
1238,images/26d9576e8043.jpg,0,,,t
1239,images/26fc2358a38d.jpg,0,,,e
1240,images/274f4de2a59d.jpg,0,,,t
1241,images/276b14f72328.jpg,0,,,e
1242,images/27f82ada84ac.jpg,0,,,e
1243,images/2821998fc002.jpg,0,,,e
1244,images/286e9981dd9b.jpg,0,,,e
1245,images/28751f290ba3.jpg,0,,,e
1246,images/289a47dcbb82.jpg,0,,,v
1247,images/28dc010a0780.jpg,0,,,e
1248,images/29192375ab1b.jpg,0,,,e
1249,images/291f581d365e.jpg,0,,,t
1250,images/2974c6ad1d58.jpg,0,,,t
1251,images/29f9e1ac9507.jpg,0,,,t
1252,images/2a2274bcb00a.jpg,0,,,t
1253,images/2a2a6435f7f3.jpg,0,,,t
1254,images/2a7373eeb352.jpg,0,,,e
1255,images/2b10f138e67d.jpg,0,,,v
1256,images/2b2f5a0f880d.jpg,0,,,e
1257,images/2b3a4a81d748.jpg,0,,,e
1258,images/2c77bf969079.jpg,0,,,t
1259,images/2c9dfc270f1b.jpg,0,,,t
1260,images/2cf18033da31.jpg,0,,,e
1261,images/2cfe8703f265.jpg,0,,,e
1262,images/2d3f4094c08a.jpg,0,,,t
1263,images/2d558de2cabe.jpg,0,,,t
1264,images/2da82d14e1b7.jpg,0,,,t
1265,images/2f81ee5f2926.jpg,0,,,t
1266,images/2f8d14a7d390.jpg,0,,,t
1267,images/2fdfb80ea53c.jpg,0,,,e
1268,images/30db694bee42.jpg,0,,,t
1269,images/3132556f5352.jpg,0,,,t
1270,images/31360e44ac64.jpg,0,,,t
1271,images/315c1a0d87fd.jpg,0,,,t
1272,images/3178559fbf57.jpg,0,,,t
1273,images/318eb706a134.jpg,0,,,t
1274,images/3232b34cbe99.jpg,0,,,t
1275,images/3254e48c8aa0.jpg,0,,,v
1276,images/328d141ed3aa.jpg,0,,,t
1277,images/32d7d360d891.jpg,0,,,e
1278,images/32ed318235b8.jpg,0,,,v
1279,images/3323fd59782e.jpg,0,,,t
1280,images/3325b1fe55d2.jpg,0,,,v
1281,images/338326891d84.jpg,0,,,v
1282,images/33d72035c27a.jpg,0,,,v
1283,images/33e7bf536fc5.jpg,0,,,e
1284,images/342edf9b889d.jpg,0,,,e
1285,images/3486f7096276.jpg,0,,,t
1286,images/34a7dbd3f05c.jpg,0,,,t
1287,images/34acae864963.jpg,0,,,e
1288,images/356304d15a5c.jpg,0,,,v
1289,images/35777eb7859d.jpg,0,,,t
1290,images/357f02a779d7.jpg,0,,,t
1291,images/359bab5d784b.jpg,0,,,t
1292,images/35beb47fe159.jpg,0,,,t
1293,images/35cd9832fc0a.jpg,0,,,v
1294,images/3601dac9bed7.jpg,0,,,t
1295,images/3694e8c8e09a.jpg,0,,,t
1296,images/36e4b704b905.jpg,0,,,t
1297,images/370f575adb23.jpg,0,,,t
1298,images/3732de8b416f.jpg,0,,,e
1299,images/3823acc4e464.jpg,0,,,t
1300,images/38373431d996.jpg,0,,,e
1301,images/384e6c915722.jpg,0,,,t
1302,images/38c7153457e2.jpg,0,,,v
1303,images/38f1901f214a.jpg,0,,,t
1304,images/3908b3cfd620.jpg,0,,,t
1305,images/39f8935185e6.jpg,0,,,e
1306,images/39fd8ef3a45c.jpg,0,,,e
1307,images/3abac0961bfd.jpg,0,,,e
1308,images/3ac92ac3d65a.jpg,0,,,v
1309,images/3af9aaa880e9.jpg,0,,,e
1310,images/3b0190bbe615.jpg,0,,,v
1311,images/3b10191dfd25.jpg,0,,,t
1312,images/3b5dffe159b6.jpg,0,,,t
1313,images/3b9817a39adf.jpg,0,,,t
1314,images/3c28fd846b43.jpg,0,,,t
1315,images/3c326543fff6.jpg,0,,,t
1316,images/3c9529918097.jpg,0,,,e
1317,images/3ca12e02dd4e.jpg,0,,,t
1318,images/3ca8be3b40d6.jpg,0,,,t
1319,images/3cd9713c0ecb.jpg,0,,,e
1320,images/3cdef7c591cc.jpg,0,,,t
1321,images/3d2ecffe0386.jpg,0,,,e
1322,images/3dec415b188a.jpg,0,,,v
1323,images/3f6bccf21ce8.jpg,0,,,v
1324,images/3f82631e9080.jpg,0,,,e
1325,images/3f98be586fe3.jpg,0,,,t
1326,images/3fe282197c1c.jpg,0,,,e
1327,images/4036471a1bb7.jpg,0,,,e
1328,images/404ede327e98.jpg,0,,,t
1329,images/40dd4e6e4444.jpg,0,,,t
1330,images/4134b290f5f3.jpg,0,,,t
1331,images/4145dcb25053.jpg,0,,,e
1332,images/4158c340fa49.jpg,0,,,t
1333,images/415f2d2bd2a1.jpg,0,,,e
1334,images/4205e9deb058.jpg,0,,,e
1335,images/4210809074c1.jpg,0,,,t
1336,images/42985aa2e32f.jpg,0,,,v
1337,images/42af7282349b.jpg,0,,,e
1338,images/4318b6adeb97.jpg,0,,,t
1339,images/4350a1b2f3cb.jpg,0,,,t
1340,images/435414ccccf7.jpg,0,,,t
1341,images/436fa3fd145a.jpg,0,,,t
1342,images/43e9c66eb0f3.jpg,0,,,e
1343,images/43f22d1be8dd.jpg,0,,,v
1344,images/4403538fb50f.jpg,0,,,t
1345,images/44271f3cb18f.jpg,0,,,t
1346,images/4464bb62bf20.jpg,0,,,t
1347,images/44878f34e31f.jpg,0,,,e
1348,images/44976c3b11a6.jpg,0,,,e
1349,images/44f7f3ef9d50.jpg,0,,,e
1350,images/4528fbbd43a3.jpg,0,,,t
1351,images/45369821d6a3.jpg,0,,,t
1352,images/454792eb6e05.jpg,0,,,e
1353,images/45693d027798.jpg,0,,,e
1354,images/461fa5292fda.jpg,0,,,t
1355,images/46acc506fa61.jpg,0,,,e
1356,images/4704dbb59536.jpg,0,,,t
1357,images/4731e708ede3.jpg,0,,,t
1358,images/482088e6be44.jpg,0,,,e
1359,images/484dbeb9bf2a.jpg,0,,,e
1360,images/4860f7813654.jpg,0,,,t
1361,images/486e852a3b4d.jpg,0,,,t
1362,images/4926dea289f8.jpg,0,,,e
1363,images/4927945ecfed.jpg,0,,,e
1364,images/493d99f030e2.jpg,0,,,t
1365,images/495106ae3b68.jpg,0,,,t
1366,images/496155f71d0a.jpg,0,,,v
1367,images/4982378d72f9.jpg,0,,,t
1368,images/49eb73968c44.jpg,0,,,t
1369,images/4a1afe4044f4.jpg,0,,,t
1370,images/4a96c28f3f07.jpg,0,,,t
1371,images/4ab8c0cece7f.jpg,0,,,t
1372,images/4b6895d0cf8d.jpg,0,,,t
1373,images/4b6cb0bcfd44.jpg,0,,,e
1374,images/4bcee3cbe232.jpg,0,,,t
1375,images/4bd5d0b30198.jpg,0,,,t
1376,images/4beeca5cc859.jpg,0,,,t
1377,images/4c17e85686f0.jpg,0,,,v
1378,images/4c389d033cb0.jpg,0,,,t
1379,images/4c53cc97ea13.jpg,0,,,e
1380,images/4c5ab774a381.jpg,0,,,e
1381,images/4c60f6fcea75.jpg,0,,,t
1382,images/4c635a01593d.jpg,0,,,v
1383,images/4cddfc22b0ad.jpg,0,,,v
1384,images/4cde86044ad1.jpg,0,,,t
1385,images/4cf4d528c08e.jpg,0,,,e
1386,images/4cfd22ae43d4.jpg,0,,,t
1387,images/4d167ca69ea8.jpg,0,,,t
1388,images/4d3de40ced3a.jpg,0,,,e
1389,images/4dd14c380696.jpg,0,,,e
1390,images/4e4a6224a04e.jpg,0,,,t
1391,images/4e54ccfd49b2.jpg,0,,,e
1392,images/4e8585a96739.jpg,0,,,v
1393,images/4e85aa647534.jpg,0,,,e
1394,images/4eabad7948cf.jpg,0,,,v
1395,images/4eaf2f81819d.jpg,0,,,e
1396,images/4ec7796df40e.jpg,0,,,t
1397,images/4f5dd7660b17.jpg,0,,,t
1398,images/4f6abc40c72d.jpg,0,,,e
1399,images/4faf4063db8c.jpg,0,,,t
1400,images/4ffa38550c95.jpg,0,,,v
1401,images/5056fa7d505f.jpg,0,,,t
1402,images/5077cdb88aed.jpg,0,,,t
1403,images/5078caaf1f57.jpg,0,,,t
1404,images/50f5201fd18a.jpg,0,,,t
1405,images/511fd66b2df8.jpg,0,,,t
1406,images/519c6e8f78dc.jpg,0,,,t
1407,images/51a078d6d43a.jpg,0,,,t
1408,images/51aa3361294c.jpg,0,,,t
1409,images/51af8a689511.jpg,0,,,e
1410,images/51cd8d2057fa.jpg,0,,,t
1411,images/51e656e5a541.jpg,0,,,e
1412,images/525d0dd8dc45.jpg,0,,,e
1413,images/5264a54e1830.jpg,0,,,t
1414,images/5288f7441f64.jpg,0,,,e
1415,images/5293576816aa.jpg,0,,,t
1416,images/52ddde91a349.jpg,0,,,t
1417,images/53273d664cd8.jpg,0,,,t
1418,images/53327edb9e4d.jpg,0,,,e
1419,images/535682537302.jpg,0,,,t
1420,images/537e5c578f40.jpg,0,,,v
1421,images/53ddae6a619e.jpg,0,,,e
1422,images/540e4973829e.jpg,0,,,v
1423,images/542964865b1e.jpg,0,,,t
1424,images/54334705a34d.jpg,0,,,e
1425,images/549381330191.jpg,0,,,t
1426,images/54b322c66d01.jpg,0,,,t
1427,images/571bbdbf585e.jpg,0,,,t
1428,images/5728b8aa98ef.jpg,0,,,e
1429,images/573ea80a53be.jpg,0,,,e
1430,images/57a5e4274275.jpg,0,,,t
1431,images/57a710de68a4.jpg,0,,,v
1432,images/57f5ad4b5b29.jpg,0,,,t
1433,images/58059e73d2d4.jpg,0,,,t
1434,images/5889a0c75cac.jpg,0,,,e
1435,images/58af2c054ced.jpg,0,,,e
1436,images/58c12863f33d.jpg,0,,,e
1437,images/596f4fdb0004.jpg,0,,,t
1438,images/598b8f5b3822.jpg,0,,,e
1439,images/5a0fe0ee4301.jpg,0,,,t
1440,images/5a179c123fd8.jpg,0,,,t
1441,images/5a444c32cd9a.jpg,0,,,e
1442,images/5a93c0f783c4.jpg,0,,,t
1443,images/5ac7a414560e.jpg,0,,,v
1444,images/5ad3dabeb2cd.jpg,0,,,t
1445,images/5b2648ad455e.jpg,0,,,v
1446,images/5b3d41626ec5.jpg,0,,,t
1447,images/5bea250d8bf5.jpg,0,,,t
1448,images/5bf3357a2823.jpg,0,,,t
1449,images/5bf6f2958e53.jpg,0,,,e
1450,images/5c817060c0ed.jpg,0,,,t
1451,images/5ca779ace6e7.jpg,0,,,t
1452,images/5d3c8c1f57da.jpg,0,,,v
1453,images/5d5b5da5f939.jpg,0,,,e
1454,images/5d6239c0fd39.jpg,0,,,e
1455,images/5d9c841eb245.jpg,0,,,e
1456,images/5db2e3a4594a.jpg,0,,,t
1457,images/5db895d3f1fc.jpg,0,,,t
1458,images/5e5275ddee29.jpg,0,,,t
1459,images/5ea9e447bb62.jpg,0,,,t
1460,images/5ead17e894ae.jpg,0,,,e
1461,images/5eb8fb1aad41.jpg,0,,,t
1462,images/5f51192841f7.jpg,0,,,v
1463,images/5fcff7280019.jpg,0,,,t
1464,images/606daaf0bfc7.jpg,0,,,t
1465,images/6110ecb3bb1c.jpg,0,,,t
1466,images/6155cf375354.jpg,0,,,t
1467,images/61c667663f2f.jpg,0,,,t
1468,images/61d9c88a3a4b.jpg,0,,,v
1469,images/62b4be2799ca.jpg,0,,,e
1470,images/62b826899151.jpg,0,,,t
1471,images/6324d77cf926.jpg,0,,,e
1472,images/63c0eafd6aa9.jpg,0,,,t
1473,images/63c7b0265775.jpg,0,,,t
1474,images/64ac539f58cb.jpg,0,,,t
1475,images/650104ede84c.jpg,0,,,t
1476,images/658ad9f09f5d.jpg,0,,,v
1477,images/65cf00be6fb4.jpg,0,,,t
1478,images/65e6f1bd9875.jpg,0,,,e
1479,images/65f5d2a6eb7e.jpg,0,,,t
1480,images/65f69234c8a7.jpg,0,,,v
1481,images/66366a90d1ef.jpg,0,,,t
1482,images/66460ecab347.jpg,0,,,t
1483,images/6653ad026901.jpg,0,,,t
1484,images/668a319c2d23.jpg,0,,,t
1485,images/66bfec8d6bcd.jpg,0,,,e
1486,images/675de69373f8.jpg,0,,,e
1487,images/67d8f94f04e0.jpg,0,,,e
1488,images/67ed8cc78b97.jpg,0,,,t
1489,images/683023cda6a5.jpg,0,,,t
1490,images/6852f4531591.jpg,0,,,t
1491,images/68987fb159ab.jpg,0,,,t
1492,images/691eeb59b4cb.jpg,0,,,v
1493,images/692e946b1f85.jpg,0,,,e
1494,images/6966abf40b8c.jpg,0,,,t
1495,images/69f43381317b.jpg,0,,,t
1496,images/6af071b0ac6e.jpg,0,,,t
1497,images/6b91e99c9408.jpg,0,,,t
1498,images/6bb30ec3231a.jpg,0,,,t
1499,images/6bcce181be65.jpg,0,,,t
1500,images/6bf26b777e3a.jpg,0,,,t
1501,images/6c30dd481717.jpg,0,,,t
1502,images/6c4ec95dd8ba.jpg,0,,,v
1503,images/6c9c902a97de.jpg,0,,,t
1504,images/6ccfdb031184.jpg,0,,,t
1505,images/6cee2e148520.jpg,0,,,v
1506,images/6cffc6c6851a.jpg,0,,,v
1507,images/6d10709053ae.jpg,0,,,v
1508,images/6d6be4cfc73f.jpg,0,,,t
1509,images/6d6fcf49e515.jpg,0,,,e
1510,images/6dc07f968794.jpg,0,,,t
1511,images/6e018411ba4a.jpg,0,,,t
1512,images/6e092caa065f.jpg,0,,,e
1513,images/6e3526053de0.jpg,0,,,e
1514,images/6f0e5848d9ce.jpg,0,,,e
1515,images/6f3b62e5b7f5.jpg,0,,,e
1516,images/6f460f9968c7.jpg,0,,,t
1517,images/6f689fced922.jpg,0,,,e
1518,images/6fe4751a3b42.jpg,0,,,e
1519,images/705f508d1e42.jpg,0,,,e
1520,images/70d0392397de.jpg,0,,,t
1521,images/7179f85bfd6f.jpg,0,,,t
1522,images/71c22da3d6c6.jpg,0,,,t
1523,images/71e43b4f8ba6.jpg,0,,,v
1524,images/720b5f62ce80.jpg,0,,,t
1525,images/721214151233.jpg,0,,,t
1526,images/7214fc7cbe03.jpg,0,,,t
1527,images/72606afaf3da.jpg,0,,,t
1528,images/7269a1d84a57.jpg,0,,,t
1529,images/72a867980067.jpg,0,,,e
1530,images/72c31aa48e2c.jpg,0,,,e
1531,images/7347bd23ba80.jpg,0,,,t
1532,images/73a07e2ea23e.jpg,0,,,t
1533,images/73ba798fee25.jpg,0,,,e
1534,images/7435e9a3e36e.jpg,0,,,t
1535,images/75238d945315.jpg,0,,,t
1536,images/7526c59c36d3.jpg,0,,,v
1537,images/75369248dba0.jpg,0,,,t
1538,images/75c180e04f65.jpg,0,,,e
1539,images/75ed83dbccce.jpg,0,,,e
1540,images/76095c338728.jpg,0,,,t
1541,images/7635921c5efb.jpg,0,,,t
1542,images/763ad1236efe.jpg,0,,,t
1543,images/767d777ee889.jpg,0,,,t
1544,images/76b950c6ed5e.jpg,0,,,t
1545,images/76df141d966b.jpg,0,,,t
1546,images/76e5b50f95a7.jpg,0,,,t
1547,images/76f3473df8a6.jpg,0,,,t
1548,images/77a1f1398fdb.jpg,0,,,t
1549,images/77ab222bf85c.jpg,0,,,e
1550,images/77acc2cafee1.jpg,0,,,e
1551,images/77e15f213b04.jpg,0,,,t
1552,images/780be525036d.jpg,0,,,v
1553,images/780f9daaa24b.jpg,0,,,e
1554,images/7828dd083cdc.jpg,0,,,e
1555,images/784d6d302f98.jpg,0,,,t
1556,images/78937523f7a8.jpg,0,,,t
1557,images/799214e8b07c.jpg,0,,,v
1558,images/79cbae28d8b2.jpg,0,,,v
1559,images/7a39c91416e2.jpg,0,,,v
1560,images/7a46cfa69bae.jpg,0,,,e
1561,images/7adfb8fc0621.jpg,0,,,e
1562,images/7c6594b50690.jpg,0,,,v
1563,images/7ccf9d25dc48.jpg,0,,,t
1564,images/7ce671f952be.jpg,0,,,t
1565,images/7d0a871c45db.jpg,0,,,t
1566,images/7d11dbc1e738.jpg,0,,,e
1567,images/7d48f8cdfb69.jpg,0,,,t
1568,images/7ddcfcea7369.jpg,0,,,v
1569,images/7e5a76c4e103.jpg,0,,,e
1570,images/7e70344b0c25.jpg,0,,,e
1571,images/7e77b61e1639.jpg,0,,,t
1572,images/7e9081e95bf6.jpg,0,,,e
1573,images/7e980424868e.jpg,0,,,e
1574,images/7ed4128b2a4e.jpg,0,,,e
1575,images/7ee6de71c140.jpg,0,,,e
1576,images/7eeb191ad06b.jpg,0,,,t
1577,images/7eee3d1f1268.jpg,0,,,e
1578,images/7f0ffeb0a333.jpg,0,,,e
1579,images/7f2123bc89a3.jpg,0,,,e
1580,images/7f2cce721e19.jpg,0,,,v
1581,images/7f39c36469b5.jpg,0,,,t
1582,images/7f43becd3e83.jpg,0,,,t
1583,images/7f6690fa390a.jpg,0,,,e
1584,images/7fdb177b8f7d.jpg,0,,,t
1585,images/8010c931321f.jpg,0,,,t
1586,images/80b5697f2a5e.jpg,0,,,e
1587,images/80c67efc8101.jpg,0,,,t
1588,images/80e6e425f966.jpg,0,,,t
1589,images/80ed04a84a16.jpg,0,,,t
1590,images/80f6b30ece8c.jpg,0,,,t
1591,images/81371b0c01ad.jpg,0,,,t
1592,images/81704925f759.jpg,0,,,t
1593,images/8185ce1cdcef.jpg,0,,,v
1594,images/81d79d53ed7b.jpg,0,,,t
1595,images/8241e43408a8.jpg,0,,,t
1596,images/82d364726a58.jpg,0,,,e
1597,images/82e5bc01f8a4.jpg,0,,,e
1598,images/83038ca49b6d.jpg,0,,,t
1599,images/830e297965a1.jpg,0,,,t
1600,images/8344c783da65.jpg,0,,,t
1601,images/83517eaeccb9.jpg,0,,,v
1602,images/835b9f6e12ba.jpg,0,,,e
1603,images/838b3e4d0bb4.jpg,0,,,e
1604,images/83df53d58f28.jpg,0,,,t
1605,images/8433a032b96c.jpg,0,,,t
1606,images/8448af27ba07.jpg,0,,,t
1607,images/84b472c49cfa.jpg,0,,,v
1608,images/84b4da14bc23.jpg,0,,,t
1609,images/84b79243e430.jpg,0,,,e
1610,images/8564b7aa3c1a.jpg,0,,,t
1611,images/85f99e7e4052.jpg,0,,,t
1612,images/8660e1864665.jpg,0,,,t
1613,images/870f433e8f37.jpg,0,,,t
1614,images/870fbe6eaa68.jpg,0,,,e
1615,images/87295c5fa1cc.jpg,0,,,t
1616,images/878e356c8fc9.jpg,0,,,t
1617,images/87a9f4d20f07.jpg,0,,,e
1618,images/87d46b1cc4e9.jpg,0,,,e
1619,images/881ec6186e68.jpg,0,,,t
1620,images/8846b09384a4.jpg,0,,,e
1621,images/885fa5fc5da8.jpg,0,,,t
1622,images/88e4399d207c.jpg,0,,,e
1623,images/8906c9ed54a2.jpg,0,,,t
1624,images/894a37fc3738.jpg,0,,,e
1625,images/895fe2bfc5b6.jpg,0,,,t
1626,images/896ad584a841.jpg,0,,,t
1627,images/898f0bc8acfa.jpg,0,,,e
1628,images/8a3eb86ae4bd.jpg,0,,,e
1629,images/8a482c024fc2.jpg,0,,,e
1630,images/8a7765e785fb.jpg,0,,,e
1631,images/8a81f62320d6.jpg,0,,,t
1632,images/8a87dd2a784e.jpg,0,,,t
1633,images/8a8a251770cd.jpg,0,,,t
1634,images/8aa3c4681542.jpg,0,,,e
1635,images/8ab3faa3701f.jpg,0,,,e
1636,images/8acdf12f412a.jpg,0,,,t
1637,images/8b568d47a1fd.jpg,0,,,t
1638,images/8b58f9a338e8.jpg,0,,,t
1639,images/8b8fe3fc8950.jpg,0,,,e
1640,images/8be6629a6039.jpg,0,,,e
1641,images/8bf05909e1e1.jpg,0,,,t
1642,images/8c29a76fa08c.jpg,0,,,v
1643,images/8c84e96d9b01.jpg,0,,,t
1644,images/8d4d14a4ab07.jpg,0,,,e
1645,images/8dafa62f9322.jpg,0,,,t
1646,images/8e2a3978c244.jpg,0,,,v
1647,images/8e67f2d7e0ee.jpg,0,,,t
1648,images/8e7981855125.jpg,0,,,t
1649,images/8ed586c43023.jpg,0,,,t
1650,images/8ee50c26fc13.jpg,0,,,e
1651,images/8f10e41a2f02.jpg,0,,,v
1652,images/8f9819752ca0.jpg,0,,,t
1653,images/8ffa608170d3.jpg,0,,,e
1654,images/901a3552fe26.jpg,0,,,t
1655,images/902dc5a91a3f.jpg,0,,,t
1656,images/9039cbfcbb2f.jpg,0,,,t
1657,images/904b03ad5594.jpg,0,,,e
1658,images/906d02fb822d.jpg,0,,,t
1659,images/90960ddf4d14.jpg,0,,,t
1660,images/90a786abe58e.jpg,0,,,t
1661,images/91e82fe4e434.jpg,0,,,t
1662,images/922586d86cd8.jpg,0,,,e
1663,images/9232dc06cfdc.jpg,0,,,v
1664,images/92587e494d51.jpg,0,,,v
1665,images/9287e57326d0.jpg,0,,,t
1666,images/92889b863ae6.jpg,0,,,t
1667,images/930fee99213a.jpg,0,,,e
1668,images/934104859e68.jpg,0,,,t
1669,images/93421787f520.jpg,0,,,t
1670,images/936299166bea.jpg,0,,,t
1671,images/93d6d20a5ee3.jpg,0,,,t
1672,images/94145d1f42cf.jpg,0,,,t
1673,images/941d874c8afb.jpg,0,,,e
1674,images/9519a590985d.jpg,0,,,t
1675,images/956765d5f46d.jpg,0,,,t
1676,images/958c1fa044ba.jpg,0,,,t
1677,images/959bb2d01091.jpg,0,,,e
1678,images/962c0fc85e13.jpg,0,,,v
1679,images/966c07831334.jpg,0,,,t
1680,images/9688c6ef5dc5.jpg,0,,,e
1681,images/969f92a390db.jpg,0,,,e
1682,images/96b5474ae604.jpg,0,,,v
1683,images/96ce10a1dbd7.jpg,0,,,t
1684,images/971bb98ab935.jpg,0,,,e
1685,images/974c7d7b9c64.jpg,0,,,e
1686,images/976082127e2a.jpg,0,,,v
1687,images/97a235367f9d.jpg,0,,,e
1688,images/97c6cb55866d.jpg,0,,,e
1689,images/97d02a9b94f7.jpg,0,,,t
1690,images/97f290d31813.jpg,0,,,v
1691,images/9858cc2ae073.jpg,0,,,t
1692,images/9870ce41cac4.jpg,0,,,v
1693,images/98e44127872f.jpg,0,,,e
1694,images/9910c827e2fe.jpg,0,,,e
1695,images/99240ee00485.jpg,0,,,v
1696,images/992599744a23.jpg,0,,,t
1697,images/992b9a07b25f.jpg,0,,,e
1698,images/996f9bba4ef0.jpg,0,,,t
1699,images/9985375d709f.jpg,0,,,e
1700,images/99c6a123ed6a.jpg,0,,,t
1701,images/9a159d4674cd.jpg,0,,,e
1702,images/9a326446c431.jpg,0,,,t
1703,images/9a56cfb980ec.jpg,0,,,v
1704,images/9ac2e3e9fca5.jpg,0,,,t
1705,images/9ac41b9a809e.jpg,0,,,e
1706,images/9ae54843c69a.jpg,0,,,e
1707,images/9b4fc15df3c8.jpg,0,,,t
1708,images/9b57e43b44e7.jpg,0,,,e
1709,images/9ba469af2980.jpg,0,,,v
1710,images/9bbb6c455913.jpg,0,,,e
1711,images/9bd008aab548.jpg,0,,,e
1712,images/9be0683649ff.jpg,0,,,e
1713,images/9c14ce27cbfc.jpg,0,,,t
1714,images/9c6512166557.jpg,0,,,t
1715,images/9cf7c1349673.jpg,0,,,v
1716,images/9d1feed37610.jpg,0,,,e
1717,images/9d62478042b6.jpg,0,,,t
1718,images/9d75de31f1b8.jpg,0,,,t
1719,images/9e2a8135f471.jpg,0,,,t
1720,images/9e2ba2b979f1.jpg,0,,,e
1721,images/9e7a63b2fc6a.jpg,0,,,t
1722,images/9ed6c2b25767.jpg,0,,,t
1723,images/9f285b3e57ed.jpg,0,,,t
1724,images/9f8112c710be.jpg,0,,,e
1725,images/9f935fb38440.jpg,0,,,t
1726,images/9fa02dfb5553.jpg,0,,,t
1727,images/a0445785e2f7.jpg,0,,,v
1728,images/a06a63d866b2.jpg,0,,,t
1729,images/a06e5ac695ce.jpg,0,,,e
1730,images/a07d9a5045cb.jpg,0,,,t
1731,images/a07efb1ecfc0.jpg,0,,,t
1732,images/a08a0133754a.jpg,0,,,t
1733,images/a0adbe677508.jpg,0,,,t
1734,images/a0b7ad98df57.jpg,0,,,t
1735,images/a0e635689259.jpg,0,,,t
1736,images/a1822dd8d05d.jpg,0,,,t
1737,images/a1872f9c0cba.jpg,0,,,t
1738,images/a1e236fbc863.jpg,0,,,e
1739,images/a1eb88562239.jpg,0,,,v
1740,images/a1edf0e66592.jpg,0,,,v
1741,images/a26f50218b84.jpg,0,,,e
1742,images/a2811f512c1c.jpg,0,,,e
1743,images/a2b995b81692.jpg,0,,,t
1744,images/a2dff8dbc9f8.jpg,0,,,e
1745,images/a30a143a53a3.jpg,0,,,t
1746,images/a384e688e228.jpg,0,,,t
1747,images/a3bd2e034614.jpg,0,,,t
1748,images/a4012932e18d.jpg,0,,,t
1749,images/a4ee03ecff60.jpg,0,,,e
1750,images/a53d6d2472a6.jpg,0,,,t
1751,images/a5bb85afc6e8.jpg,0,,,v
1752,images/a61723fc38c2.jpg,0,,,e
1753,images/a627eb8c08c5.jpg,0,,,e
1754,images/a62e995f167c.jpg,0,,,t
1755,images/a646c084928c.jpg,0,,,t
1756,images/a654b25124c3.jpg,0,,,t
1757,images/a6731dd737af.jpg,0,,,e
1758,images/a73c3d516c59.jpg,0,,,v
1759,images/a76132e79688.jpg,0,,,t
1760,images/a7673ac44509.jpg,0,,,t
1761,images/a77eb914b383.jpg,0,,,e
1762,images/a7b03e58a6e1.jpg,0,,,t
1763,images/a7c10ca6c117.jpg,0,,,t
1764,images/a85cda5f725d.jpg,0,,,t
1765,images/a86128b601a7.jpg,0,,,e
1766,images/a8854768549f.jpg,0,,,t
1767,images/a8a6588c8eb7.jpg,0,,,t
1768,images/a8b3c0961d42.jpg,0,,,v
1769,images/a8c9fcdbc0be.jpg,0,,,t
1770,images/a95d9d61ddd4.jpg,0,,,e
1771,images/a96ff96bbae5.jpg,0,,,e
1772,images/a987aa7aac37.jpg,0,,,t
1773,images/a9dc80cba9a4.jpg,0,,,e
1774,images/a9e3d186cd1b.jpg,0,,,t
1775,images/aa10a4b2e709.jpg,0,,,t
1776,images/aa94cc4bfd84.jpg,0,,,e
1777,images/aabd867043cf.jpg,0,,,e
1778,images/aafe980edd0c.jpg,0,,,t
1779,images/ab03d50bba2f.jpg,0,,,v
1780,images/ab32db41c409.jpg,0,,,v
1781,images/ab3c505b624f.jpg,0,,,t
1782,images/ab653b8554c0.jpg,0,,,e
1783,images/ab686895533e.jpg,0,,,t
1784,images/ab724603ee93.jpg,0,,,t
1785,images/ab78a66dee6a.jpg,0,,,e
1786,images/ab7991df166b.jpg,0,,,t
1787,images/ab88081e5654.jpg,0,,,t
1788,images/ac1667fac512.jpg,0,,,v
1789,images/ac17cc18a994.jpg,0,,,t
1790,images/ac81fc200162.jpg,0,,,t
1791,images/ace287a5c991.jpg,0,,,t
1792,images/ad20080452de.jpg,0,,,t
1793,images/ad312ca98202.jpg,0,,,t
1794,images/ad944bd56bb6.jpg,0,,,t
1795,images/addf66a50f42.jpg,0,,,t
1796,images/ae2e888905ba.jpg,0,,,e
1797,images/ae57c8630249.jpg,0,,,t
1798,images/ae975c43bd8b.jpg,0,,,t
1799,images/af345c68e836.jpg,0,,,e
1800,images/af5a0bc4e1fa.jpg,0,,,t
1801,images/af6a1508cd95.jpg,0,,,e
1802,images/af7a36454670.jpg,0,,,t
1803,images/af87d48ffe01.jpg,0,,,v
1804,images/b05922e7abd3.jpg,0,,,e
1805,images/b0619ca93a5f.jpg,0,,,t
1806,images/b085caa513a8.jpg,0,,,e
1807,images/b086c7cd3868.jpg,0,,,t
1808,images/b09101adb478.jpg,0,,,e
1809,images/b0acd3593310.jpg,0,,,t
1810,images/b0b3b16fc305.jpg,0,,,t
1811,images/b11dcdcbc8c8.jpg,0,,,t
1812,images/b16dd4483ca5.jpg,0,,,e
1813,images/b22cc1bf0b8a.jpg,0,,,t
1814,images/b2b7ccd34cbd.jpg,0,,,e
1815,images/b351ae99413a.jpg,0,,,e
1816,images/b3a994760537.jpg,0,,,t
1817,images/b460ca9fa26f.jpg,0,,,t
1818,images/b46b09a45f39.jpg,0,,,e
1819,images/b4e15102cd7a.jpg,0,,,v
1820,images/b532dedd928c.jpg,0,,,v
1821,images/b598bc9753c2.jpg,0,,,t
1822,images/b5b913358b32.jpg,0,,,e
1823,images/b5e6ae31493c.jpg,0,,,t
1824,images/b64e1eef3d63.jpg,0,,,e
1825,images/b66f23ffa730.jpg,0,,,e
1826,images/b67ae80f7eba.jpg,0,,,v
1827,images/b6bf847fbcb2.jpg,0,,,t
1828,images/b6d9974443ce.jpg,0,,,t
1829,images/b6fd109b1bc9.jpg,0,,,t
1830,images/b70e7c26f51e.jpg,0,,,t
1831,images/b72f59b85f7c.jpg,0,,,v
1832,images/b74de20d73de.jpg,0,,,v
1833,images/b77b88926843.jpg,0,,,e
1834,images/b7983cb3f270.jpg,0,,,v
1835,images/b7a1bb106051.jpg,0,,,e
1836,images/b7aca95b97b9.jpg,0,,,t
1837,images/b7ce561a7328.jpg,0,,,e
1838,images/b7f0bc7d399e.jpg,0,,,t
1839,images/b8297a2291f5.jpg,0,,,t
1840,images/b82dfa63a75f.jpg,0,,,e
1841,images/b835b6e31a59.jpg,0,,,t
1842,images/b842b43cb7fb.jpg,0,,,t
1843,images/b8dab47a260e.jpg,0,,,t
1844,images/b8e9a8f4617d.jpg,0,,,v
1845,images/b92eacd1392a.jpg,0,,,t
1846,images/b963a11638f2.jpg,0,,,t
1847,images/b9c7c5182075.jpg,0,,,t
1848,images/ba2ea9182090.jpg,0,,,t
1849,images/baaca2f7e1f0.jpg,0,,,e
1850,images/bab776139279.jpg,0,,,v
1851,images/bac1744955c2.jpg,0,,,t
1852,images/bb08949dd70a.jpg,0,,,e
1853,images/bb752b179751.jpg,0,,,e
1854,images/bb85097857fa.jpg,0,,,t
1855,images/bc34f52c37c7.jpg,0,,,e
1856,images/bc92a61a1f9c.jpg,0,,,t
1857,images/bcb0498ed2c1.jpg,0,,,t
1858,images/bd06028eb7dd.jpg,0,,,e
1859,images/bd34a0639575.jpg,0,,,t
1860,images/bd375ba756b1.jpg,0,,,t
1861,images/bda91b76095b.jpg,0,,,t
1862,images/bde1063a5dd7.jpg,0,,,t
1863,images/be6cbf6e5b10.jpg,0,,,t
1864,images/be7f791a7877.jpg,0,,,e
1865,images/beb00fa6e7c9.jpg,0,,,v
1866,images/beb2ad14fd2d.jpg,0,,,v
1867,images/bed8296c8dfe.jpg,0,,,v
1868,images/beeca5f14618.jpg,0,,,t
1869,images/bf7221a016b5.jpg,0,,,e
1870,images/bf7b4eae7ad0.jpg,0,,,t
1871,images/bf87aedf2489.jpg,0,,,v
1872,images/bfa30ebf63a8.jpg,0,,,t
1873,images/bfb578c0e8d8.jpg,0,,,v
1874,images/bff51afc76d4.jpg,0,,,t
1875,images/c013e869acce.jpg,0,,,t
1876,images/c06024f05a16.jpg,0,,,t
1877,images/c12e9ca420a5.jpg,0,,,t
1878,images/c1819db0aece.jpg,0,,,t
1879,images/c18a006f7f1d.jpg,0,,,e
1880,images/c23ff6dcf15e.jpg,0,,,t
1881,images/c2a58b2cfd0b.jpg,0,,,t
1882,images/c334f8688b77.jpg,0,,,t
1883,images/c373b73a80c8.jpg,0,,,e
1884,images/c38dec54a9f7.jpg,0,,,v
1885,images/c3aa424eff9a.jpg,0,,,e
1886,images/c3c8fdda50c0.jpg,0,,,t
1887,images/c546670d9684.jpg,0,,,t
1888,images/c57c164bca05.jpg,0,,,t
1889,images/c58e5c0c5b33.jpg,0,,,t
1890,images/c597ef460944.jpg,0,,,e
1891,images/c5a0e84e955d.jpg,0,,,t
1892,images/c5a6f432a1ec.jpg,0,,,e
1893,images/c64c0966b4cf.jpg,0,,,t
1894,images/c6916bc42016.jpg,0,,,v
1895,images/c6a8f8f998a2.jpg,0,,,e
1896,images/c6d4e4a3bd4c.jpg,0,,,t
1897,images/c704bd669f36.jpg,0,,,t
1898,images/c80b0f27541a.jpg,0,,,v
1899,images/c947bb6cf9f6.jpg,0,,,t
1900,images/c94f37085d0f.jpg,0,,,t
1901,images/c97472ef2c66.jpg,0,,,t
1902,images/c9c563864ab1.jpg,0,,,v
1903,images/ca2b54b95ade.jpg,0,,,t
1904,images/cadde4030858.jpg,0,,,e
1905,images/cae33655ca00.jpg,0,,,v
1906,images/cb02bb47fdc5.jpg,0,,,t
1907,images/cb2201c226d6.jpg,0,,,e
1908,images/cb39761f0712.jpg,0,,,t
1909,images/cbc23af521f3.jpg,0,,,t
1910,images/cbe633765ea7.jpg,0,,,t
1911,images/cc964bf04dbc.jpg,0,,,t
1912,images/ccd6dcb2f568.jpg,0,,,e
1913,images/ccea49708830.jpg,0,,,v
1914,images/cd01f4f83336.jpg,0,,,t
1915,images/cd48cfab4e44.jpg,0,,,t
1916,images/cd8da43e3069.jpg,0,,,t
1917,images/ce6f33a81ad5.jpg,0,,,t
1918,images/cf8ae5501bd6.jpg,0,,,t
1919,images/cfdbaef73a8b.jpg,0,,,t
1920,images/cffc50047828.jpg,0,,,v
1921,images/d0926ed2c8e5.jpg,0,,,e
1922,images/d160ebef4117.jpg,0,,,t
1923,images/d16e39b9d6f0.jpg,0,,,e
1924,images/d1a60c3b9fe5.jpg,0,,,t
1925,images/d1b279cc02ae.jpg,0,,,e
1926,images/d1cf31577a59.jpg,0,,,v
1927,images/d1f7ea924a01.jpg,0,,,e
1928,images/d1fa0f744620.jpg,0,,,t
1929,images/d29b37d110f3.jpg,0,,,e
1930,images/d2afca74cbc3.jpg,0,,,e
1931,images/d2dc86021c67.jpg,0,,,v
1932,images/d3e56584a481.jpg,0,,,v
1933,images/d51c2153d151.jpg,0,,,t
1934,images/d56d32a1d62d.jpg,0,,,t
1935,images/d57d1be1bbd1.jpg,0,,,t
1936,images/d5ad3362424c.jpg,0,,,t
1937,images/d5c63a8d9e94.jpg,0,,,v
1938,images/d6803e467592.jpg,0,,,t
1939,images/d6b109c82067.jpg,0,,,t
1940,images/d6dbb0820ea5.jpg,0,,,e
1941,images/d6df4fe492ec.jpg,0,,,v
1942,images/d6f36ec5564a.jpg,0,,,v
1943,images/d774692d9919.jpg,0,,,v
1944,images/d7a01fca9838.jpg,0,,,t
1945,images/d7ab5c040294.jpg,0,,,t
1946,images/d7e5fe5245e0.jpg,0,,,e
1947,images/d838d5b9f571.jpg,0,,,v
1948,images/d844a7252f4e.jpg,0,,,e
1949,images/d865997a6280.jpg,0,,,v
1950,images/d871895742b1.jpg,0,,,t
1951,images/d881c04f01fe.jpg,0,,,v
1952,images/d88c4843aec3.jpg,0,,,v
1953,images/d8da9de62743.jpg,0,,,t
1954,images/d911dd40c63b.jpg,0,,,e
1955,images/d99b0f7dd9b9.jpg,0,,,e
1956,images/d9c9b9786da3.jpg,0,,,e
1957,images/d9d2631f043c.jpg,0,,,t
1958,images/d9e58e4d8689.jpg,0,,,e
1959,images/da2bdf4236ac.jpg,0,,,t
1960,images/da3a2275c850.jpg,0,,,e
1961,images/da6389d129aa.jpg,0,,,t
1962,images/da6bbb76d562.jpg,0,,,t
1963,images/da9262d9f5d9.jpg,0,,,t
1964,images/da949aa67a4f.jpg,0,,,v
1965,images/daff5427c9b2.jpg,0,,,e
1966,images/db52626d450c.jpg,0,,,e
1967,images/dd02d60bef14.jpg,0,,,e
1968,images/dd285d9e97fe.jpg,0,,,e
1969,images/dd3176bacfe2.jpg,0,,,e
1970,images/de18071c36e6.jpg,0,,,t
1971,images/de38adaae009.jpg,0,,,e
1972,images/de6210f88536.jpg,0,,,v
1973,images/de730033c683.jpg,0,,,e
1974,images/dee1031a76ae.jpg,0,,,t
1975,images/df9cb3729eb1.jpg,0,,,t
1976,images/dfc7ec7db0e0.jpg,0,,,t
1977,images/dfea19863428.jpg,0,,,e
1978,images/e0313be77035.jpg,0,,,v
1979,images/e03a74e7d74f.jpg,0,,,t
1980,images/e04f3c6619a3.jpg,0,,,t
1981,images/e067b06fd655.jpg,0,,,t
1982,images/e0d229db881a.jpg,0,,,t
1983,images/e12df54e0d1e.jpg,0,,,e
1984,images/e12f9f19d1be.jpg,0,,,e
1985,images/e16af45285e5.jpg,0,,,t
1986,images/e1ab92228e60.jpg,0,,,t
1987,images/e1b8acb1cea1.jpg,0,,,t
1988,images/e1dc02a3dc2a.jpg,0,,,e
1989,images/e2265c383348.jpg,0,,,t
1990,images/e246cd89e1cc.jpg,0,,,t
1991,images/e251bdf05b85.jpg,0,,,t
1992,images/e26bcae6c67b.jpg,0,,,e
1993,images/e2c39ed0c941.jpg,0,,,e
1994,images/e2c3b037413b.jpg,0,,,t
1995,images/e2ec22b3d07e.jpg,0,,,e
1996,images/e30a890600e1.jpg,0,,,e
1997,images/e322acd46152.jpg,0,,,e
1998,images/e33766353db2.jpg,0,,,t
1999,images/e42d9a94a66d.jpg,0,,,t
2000,images/e47770a2e5d1.jpg,0,,,t
2001,images/e4b0df29b96f.jpg,0,,,e
2002,images/e4c799738a19.jpg,0,,,e
2003,images/e4d3d437b0a8.jpg,0,,,e
2004,images/e4dcca36ceb4.jpg,0,,,t
2005,images/e50b0174690d.jpg,0,,,t
2006,images/e5197d77ec68.jpg,0,,,t
2007,images/e59c5f345bb0.jpg,0,,,v
2008,images/e5f332efcbc7.jpg,0,,,t
2009,images/e60e4edb3ca9.jpg,0,,,e
2010,images/e632e38fd2d4.jpg,0,,,t
2011,images/e6552b7432b3.jpg,0,,,v
2012,images/e66855a5c583.jpg,0,,,v
2013,images/e68bdd36e589.jpg,0,,,v
2014,images/e69b48516577.jpg,0,,,v
2015,images/e7578d8dba72.jpg,0,,,t
2016,images/e79e10907295.jpg,0,,,t
2017,images/e7b5dd5bab1f.jpg,0,,,e
2018,images/e81f4a2fbbdc.jpg,0,,,t
2019,images/e9ce5bf645ab.jpg,0,,,t
2020,images/e9f3c85a2a02.jpg,0,,,e
2021,images/e9faf0296643.jpg,0,,,t
2022,images/ea9c41e1ced0.jpg,0,,,t
2023,images/eabc7c716255.jpg,0,,,t
2024,images/eb6b1f1c09db.jpg,0,,,t
2025,images/ebf4b22240f4.jpg,0,,,t
2026,images/ec57cc20d776.jpg,0,,,t
2027,images/ec6659926105.jpg,0,,,t
2028,images/ec6f1797a25a.jpg,0,,,t
2029,images/ecb4500285ed.jpg,0,,,e
2030,images/ed2c52c14493.jpg,0,,,e
2031,images/ed648b9bcd95.jpg,0,,,t
2032,images/ed6bd9293a89.jpg,0,,,t
2033,images/eda29a9d78f3.jpg,0,,,t
2034,images/ee3fe7809e6a.jpg,0,,,e
2035,images/eebd1e195952.jpg,0,,,t
2036,images/eedae6b28f96.jpg,0,,,e
2037,images/ef476be214d4.jpg,0,,,e
2038,images/ef48780f5d5f.jpg,0,,,v
2039,images/ef81cd8854cb.jpg,0,,,t
2040,images/ef8c39eb9157.jpg,0,,,e
2041,images/ef99c499d665.jpg,0,,,e
2042,images/f02057c41256.jpg,0,,,e
2043,images/f06e7a9df795.jpg,0,,,e
2044,images/f0860c21533b.jpg,0,,,t
2045,images/f09cfc6a4dbd.jpg,0,,,t
2046,images/f1979147aad4.jpg,0,,,t
2047,images/f252046c0fe6.jpg,0,,,t
2048,images/f26b02ead915.jpg,0,,,t
2049,images/f298b7d05958.jpg,0,,,t
2050,images/f2c0b41acd05.jpg,0,,,t
2051,images/f2f569a64949.jpg,0,,,t
2052,images/f35d80bb1a22.jpg,0,,,v
2053,images/f361060eda3e.jpg,0,,,e
2054,images/f366fb1cc475.jpg,0,,,e
2055,images/f3b27ac2d371.jpg,0,,,t
2056,images/f42b693a9414.jpg,0,,,v
2057,images/f431f2e119d7.jpg,0,,,e
2058,images/f4874247ede6.jpg,0,,,e
2059,images/f4d3169b468a.jpg,0,,,t
2060,images/f4de9620e3f2.jpg,0,,,v
2061,images/f4df3d86688d.jpg,0,,,v
2062,images/f4e68b61f480.jpg,0,,,v
2063,images/f4ea2a2cfbb9.jpg,0,,,e
2064,images/f531232ecb55.jpg,0,,,e
2065,images/f5733f77273d.jpg,0,,,e
2066,images/f580566e27f5.jpg,0,,,e
2067,images/f58f0b2fd718.jpg,0,,,e
2068,images/f5c953bee7cd.jpg,0,,,t
2069,images/f62b8a076833.jpg,0,,,v
2070,images/f633c474e8b8.jpg,0,,,t
2071,images/f64b6e85f1c9.jpg,0,,,e
2072,images/f66c4ee86629.jpg,0,,,t
2073,images/f6d760566a51.jpg,0,,,e
2074,images/f71333204618.jpg,0,,,t
2075,images/f71aca5a7dc3.jpg,0,,,t
2076,images/f71bea807c96.jpg,0,,,t
2077,images/f7508f14dd7b.jpg,0,,,t
2078,images/f7defe70afc3.jpg,0,,,e
2079,images/f86d1c404acb.jpg,0,,,t
2080,images/f8f5942b690e.jpg,0,,,e
2081,images/f90f8931a9bc.jpg,0,,,e
2082,images/f91cfa82b9d4.jpg,0,,,e
2083,images/f952ad2e4356.jpg,0,,,t
2084,images/f994a3b07935.jpg,0,,,t
2085,images/f9d52509c571.jpg,0,,,v
2086,images/f9e1c439d4c8.jpg,0,,,e
2087,images/fa6f3d8bb1d5.jpg,0,,,e
2088,images/fa7fa797c650.jpg,0,,,t
2089,images/fa9f1bc03f21.jpg,0,,,v
2090,images/fb1b8771c70a.jpg,0,,,e
2091,images/fb767cea406c.jpg,0,,,e
2092,images/fb88d23fc5fe.jpg,0,,,e
2093,images/fbcbc81cf9be.jpg,0,,,e
2094,images/fbfa925506f6.jpg,0,,,v
2095,images/fc782722a50c.jpg,0,,,t
2096,images/fc8fce67fbf8.jpg,0,,,t
2097,images/fca1a8738b8a.jpg,0,,,t
2098,images/fce73678f650.jpg,0,,,v
2099,images/fd0a70082e7c.jpg,0,,,t
2100,images/fd4c946c52bf.jpg,0,,,e
2101,images/fdc685055659.jpg,0,,,t
2102,images/fe06dad6851c.jpg,0,,,t
2103,images/fe0e2dee1834.jpg,0,,,t
2104,images/fe3b0e50be78.jpg,0,,,t
2105,images/fed5bb685832.jpg,0,,,e
2106,images/fefded6bf135.jpg,0,,,e
2107,images/ff4955e76894.jpg,0,,,t
2108,images/ff4cd992667b.jpg,0,,,t
2109,images/ffc04fed30e6.jpg,0,,,e
2110,images/0024cdab0c1e.jpg,1,,,t
2111,images/00cb6555d108.jpg,1,,,t
2112,images/0124dffecf29.jpg,1,,,t
2113,images/059bc89df7f4.jpg,1,,,t
2114,images/05a5183c92d0.jpg,1,,,t
2115,images/06b71823f9cd.jpg,1,,,e
2116,images/09935d72892b.jpg,1,,,t
2117,images/0a3202889f4d.jpg,1,,,e
2118,images/0a61bddab956.jpg,1,,,t
2119,images/0dc031c94225.jpg,1,,,t
2120,images/0dce95217626.jpg,1,,,e
2121,images/0eb52045349f.jpg,1,,,e
2122,images/0fb1053285cf.jpg,1,,,t
2123,images/101b9ebfc720.jpg,1,,,e
2124,images/107aea0d9289.jpg,1,,,t
2125,images/111898ab463d.jpg,1,,,e
2126,images/12e3f5f2cb17.jpg,1,,,v
2127,images/15cc2aef772a.jpg,1,,,t
2128,images/172df1330a60.jpg,1,,,e
2129,images/17eff993386f.jpg,1,,,e
2130,images/18b06f56ab27.jpg,1,,,t
2131,images/194814669fee.jpg,1,,,t
2132,images/1b329a127307.jpg,1,,,t
2133,images/1c0cf251b426.jpg,1,,,t
2134,images/1c3a6b4449e9.jpg,1,,,t
2135,images/1d674e2e32e0.jpg,1,,,t
2136,images/1df3e03a8f5f.jpg,1,,,v
2137,images/1e8a1fdee5b9.jpg,1,,,v
2138,images/200d947f75db.jpg,1,,,v
2139,images/22098b1fe461.jpg,1,,,t
2140,images/22325552a4e3.jpg,1,,,t
2141,images/22a6da005395.jpg,1,,,e
2142,images/24b943fe725e.jpg,1,,,t
2143,images/259d30f693b6.jpg,1,,,e
2144,images/25e9fd872182.jpg,1,,,t
2145,images/274f5029189b.jpg,1,,,e
2146,images/278aa860dffd.jpg,1,,,t
2147,images/2994f17f58a5.jpg,1,,,v
2148,images/29b52f64d2db.jpg,1,,,e
2149,images/2a8a9e957a6c.jpg,1,,,t
2150,images/2d7666b8884f.jpg,1,,,e
2151,images/2ecbc2e3f239.jpg,1,,,t
2152,images/3044022c6969.jpg,1,,,t
2153,images/30941b65348b.jpg,1,,,v
2154,images/30cab14951ac.jpg,1,,,v
2155,images/31cb39681f6a.jpg,1,,,t
2156,images/3461dc601cc2.jpg,1,,,t
2157,images/358d2224de73.jpg,1,,,e
2158,images/35d6c4c50072.jpg,1,,,t
2159,images/36041171f441.jpg,1,,,t
2160,images/382752f6694a.jpg,1,,,t
2161,images/384631079d1e.jpg,1,,,e
2162,images/38e0e28d35d3.jpg,1,,,e
2163,images/3b73a3a4a734.jpg,1,,,t
2164,images/3c726de3ee90.jpg,1,,,t
2165,images/3ee17aa12e46.jpg,1,,,t
2166,images/4029d70e9d8a.jpg,1,,,v
2167,images/4393c5bc576a.jpg,1,,,t
2168,images/45e4b7eada54.jpg,1,,,v
2169,images/49386d603494.jpg,1,,,t
2170,images/494fc9c745a3.jpg,1,,,t
2171,images/49c5e7f6b8d2.jpg,1,,,e
2172,images/4a213b405ee4.jpg,1,,,v
2173,images/4aa07d720638.jpg,1,,,t
2174,images/4cae247d9909.jpg,1,,,t
2175,images/4d7d6928534a.jpg,1,,,e
2176,images/4da2961e62fe.jpg,1,,,e
2177,images/4dd5d5ccddcf.jpg,1,,,v
2178,images/4dd9d29eae5d.jpg,1,,,t
2179,images/4e6071b73120.jpg,1,,,t
2180,images/4ecd1fdd1435.jpg,1,,,v
2181,images/4ef7144e24ff.jpg,1,,,e
2182,images/4f7755e74a9e.jpg,1,,,t
2183,images/5090917a2676.jpg,1,,,t
2184,images/531b39880c32.jpg,1,,,e
2185,images/53704c80f0d8.jpg,1,,,t
2186,images/53f6c1c65c04.jpg,1,,,e
2187,images/545df1bbcd61.jpg,1,,,t
2188,images/5633ced07d8e.jpg,1,,,t
2189,images/5671eb95512b.jpg,1,,,t
2190,images/578109578b46.jpg,1,,,t
2191,images/58ccba7eec9c.jpg,1,,,t
2192,images/595446774178.jpg,1,,,v
2193,images/5a091e8cd95c.jpg,1,,,t
2194,images/5b72ff04333d.jpg,1,,,t
2195,images/5b804948e35f.jpg,1,,,t
2196,images/5efa24b03d5e.jpg,1,,,t
2197,images/6028a575dc27.jpg,1,,,t
2198,images/613bacb35c05.jpg,1,,,t
2199,images/6165081b9021.jpg,1,,,t
2200,images/61bbe8db6f3a.jpg,1,,,e
2201,images/6298468d7d75.jpg,1,,,t
2202,images/63363410389a.jpg,1,,,e
2203,images/6377e23928f6.jpg,1,,,v
2204,images/655cafb4c932.jpg,1,,,t
2205,images/66cd9c28e636.jpg,1,,,e
2206,images/6762b2b48ea5.jpg,1,,,e
2207,images/677f087cd697.jpg,1,,,t
2208,images/67f5d89da548.jpg,1,,,t
2209,images/6b00cb764237.jpg,1,,,e
2210,images/7005be54cab1.jpg,1,,,t
2211,images/7116128c65ab.jpg,1,,,e
2212,images/71c1a3cdbe47.jpg,1,,,t
2213,images/7335a2d43ada.jpg,1,,,v
2214,images/7347f5133a6a.jpg,1,,,t
2215,images/73881f55a3ec.jpg,1,,,t
2216,images/7427dedafccf.jpg,1,,,v
2217,images/756b0d6488bb.jpg,1,,,t
2218,images/77a9538b8362.jpg,1,,,e
2219,images/7a3ea1779b13.jpg,1,,,e
2220,images/7bf981d9c7fe.jpg,1,,,t
2221,images/7ccb267fd394.jpg,1,,,e
2222,images/7ea756985353.jpg,1,,,t
2223,images/7ef5ff774a48.jpg,1,,,e
2224,images/80d24897669f.jpg,1,,,t
2225,images/821789e9053f.jpg,1,,,t
2226,images/8273fdb4405e.jpg,1,,,e
2227,images/82ac8463fadd.jpg,1,,,e
2228,images/83e529e95b0e.jpg,1,,,v
2229,images/849a91e9ab28.jpg,1,,,e
2230,images/8714d17bb6da.jpg,1,,,t
2231,images/89ed6a0dd53f.jpg,1,,,t
2232,images/8a01daa423f7.jpg,1,,,t
2233,images/8a25a080f28f.jpg,1,,,v
2234,images/8bbd7835e9aa.jpg,1,,,t
2235,images/8dc22e65c06f.jpg,1,,,e
2236,images/8f2996b8d855.jpg,1,,,e
2237,images/8ff863f8874f.jpg,1,,,v
2238,images/93be637084a2.jpg,1,,,e
2239,images/94111ed3d276.jpg,1,,,t
2240,images/96a9706b8534.jpg,1,,,t
2241,images/9782c0489eca.jpg,1,,,e
2242,images/99ecdb41d5e7.jpg,1,,,t
2243,images/9a3109657ac1.jpg,1,,,v
2244,images/9eaf735cf01f.jpg,1,,,e
2245,images/a00b4cb250a7.jpg,1,,,t
2246,images/a19ecd0a706e.jpg,1,,,t
2247,images/a2696f444ecb.jpg,1,,,t
2248,images/a32886cb31ab.jpg,1,,,e
2249,images/a443c4fd489c.jpg,1,,,e
2250,images/a75bab2463d4.jpg,1,,,t
2251,images/a77dbec966d4.jpg,1,,,t
2252,images/a7ec056502e7.jpg,1,,,t
2253,images/a8582e346df0.jpg,1,,,v
2254,images/a8c54e2a4b79.jpg,1,,,t
2255,images/a8c950a99107.jpg,1,,,t
2256,images/a95858e052d6.jpg,1,,,t
2257,images/ababe19ed448.jpg,1,,,t
2258,images/abdb365cacbc.jpg,1,,,v
2259,images/ad3fc5076852.jpg,1,,,e
2260,images/ae8472f8d310.jpg,1,,,e
2261,images/b07bc463b718.jpg,1,,,t
2262,images/b1197f2cc9b3.jpg,1,,,e
2263,images/b17f0b81dab3.jpg,1,,,t
2264,images/b22354b5f94b.jpg,1,,,t
2265,images/b4f41b5bf0ef.jpg,1,,,t
2266,images/b56340f472d2.jpg,1,,,e
2267,images/b576c5269ad1.jpg,1,,,t
2268,images/b640e3bdff75.jpg,1,,,e
2269,images/b6a0e348a01e.jpg,1,,,v
2270,images/b71428739d4e.jpg,1,,,t
2271,images/b94c58d063bf.jpg,1,,,v
2272,images/bb11db08584a.jpg,1,,,t
2273,images/bb45257258cc.jpg,1,,,e
2274,images/bb783d8e496f.jpg,1,,,t
2275,images/bb9a3d835a94.jpg,1,,,v
2276,images/bc73ce76ec43.jpg,1,,,t
2277,images/bd269a1f0e4d.jpg,1,,,t
2278,images/bf18ff30a8f6.jpg,1,,,t
2279,images/c0e15e8e2b46.jpg,1,,,t
2280,images/c1ebe785503a.jpg,1,,,t
2281,images/c4a8f2fcf6e8.jpg,1,,,t
2282,images/c739ff9580d3.jpg,1,,,v
2283,images/c9485c38fdd5.jpg,1,,,v
2284,images/ca25745942b0.jpg,1,,,t
2285,images/ca6842bfcbc9.jpg,1,,,t
2286,images/cae51154e1ce.jpg,1,,,e
2287,images/cd45bfa07d41.jpg,1,,,t
2288,images/cfd1bd0fcbb4.jpg,1,,,t
2289,images/d0d59ed675b5.jpg,1,,,t
2290,images/d1cad012a254.jpg,1,,,e
2291,images/d3de0d313d61.jpg,1,,,e
2292,images/d4f32b9c07df.jpg,1,,,t
2293,images/d5b4705ac2ee.jpg,1,,,v
2294,images/d6e26fe51dce.jpg,1,,,t
2295,images/d801c0a66738.jpg,1,,,e
2296,images/d85d052900b4.jpg,1,,,t
2297,images/da1fb35f5df9.jpg,1,,,t
2298,images/db690e2d02f8.jpg,1,,,e
2299,images/dbd062558b81.jpg,1,,,e
2300,images/e2a233493b90.jpg,1,,,t
2301,images/e55188915f9d.jpg,1,,,t
2302,images/e9286ddf6ffe.jpg,1,,,t
2303,images/e96bd80a8a53.jpg,1,,,e
2304,images/e9ff9352ccb3.jpg,1,,,t
2305,images/eba3acc42197.jpg,1,,,e
2306,images/ec4649213ccf.jpg,1,,,t
2307,images/ee78ce914066.jpg,1,,,e
2308,images/eed4afc8ec83.jpg,1,,,v
2309,images/f0c13be90519.jpg,1,,,t
2310,images/f47a2a4a0411.jpg,1,,,e
2311,images/f72ef9ceeaa8.jpg,1,,,t
2312,images/f762c272c522.jpg,1,,,e
2313,images/fd62bd0db4f1.jpg,1,,,t
2314,images/fdd18ccbbdc5.jpg,1,,,e
2315,images/fe2df69676cf.jpg,1,,,e
2316,images/fea14b3d44b0.jpg,1,,,e
2317,images/000c1434d8d7.jpg,2,,,t
2318,images/00a8624548a9.jpg,2,,,e
2319,images/012a242ac6ff.jpg,2,,,e
2320,images/0161338f53cc.jpg,2,,,v
2321,images/01c7808d901d.jpg,2,,,t
2322,images/025a169a0bb0.jpg,2,,,t
2323,images/032d7b0b4bf6.jpg,2,,,t
2324,images/03fd50da928d.jpg,2,,,t
2325,images/041f09eec1e8.jpg,2,,,t
2326,images/04d029cfb612.jpg,2,,,v
2327,images/0519b934f6b1.jpg,2,,,e
2328,images/052d9a3fe55a.jpg,2,,,t
2329,images/064af6592ba6.jpg,2,,,t
2330,images/07083738b75e.jpg,2,,,t
2331,images/071435a218ec.jpg,2,,,v
2332,images/07419eddd6be.jpg,2,,,e
2333,images/07a3be30563b.jpg,2,,,v
2334,images/07d8db76b301.jpg,2,,,t
2335,images/08752092140d.jpg,2,,,t
2336,images/08c17a2d95b7.jpg,2,,,e
2337,images/094858f005ab.jpg,2,,,e
2338,images/0953c0ac1735.jpg,2,,,t
2339,images/0a1076183736.jpg,2,,,v
2340,images/0a9ec1e99ce4.jpg,2,,,t
2341,images/0ac436400db4.jpg,2,,,t
2342,images/0c2e2369dfff.jpg,2,,,t
2343,images/0c55d58bebaf.jpg,2,,,t
2344,images/0c76fd494af6.jpg,2,,,t
2345,images/0ca0aee4d57e.jpg,2,,,e
2346,images/0da09e3ce8f1.jpg,2,,,t
2347,images/0eff8eacb2f7.jpg,2,,,t
2348,images/0fb560f9adb2.jpg,2,,,t
2349,images/0fcfc6301f3d.jpg,2,,,t
2350,images/0fd16b64697e.jpg,2,,,t
2351,images/1006345f70b7.jpg,2,,,t
2352,images/115e42dd6a81.jpg,2,,,e
2353,images/1177d583c807.jpg,2,,,v
2354,images/11b5c77fbf79.jpg,2,,,t
2355,images/1269ab57c2e6.jpg,2,,,v
2356,images/135575dc57c9.jpg,2,,,t
2357,images/1438288bb2e1.jpg,2,,,e
2358,images/144a1a426137.jpg,2,,,e
2359,images/144b01e7b993.jpg,2,,,t
2360,images/1541226c5d72.jpg,2,,,v
2361,images/157d17349cc6.jpg,2,,,e
2362,images/17188c13e635.jpg,2,,,v
2363,images/175dd560810a.jpg,2,,,v
2364,images/1844a039b4ea.jpg,2,,,e
2365,images/18af532e7e1e.jpg,2,,,t
2366,images/18f1f979d30d.jpg,2,,,t
2367,images/19113e5f45ec.jpg,2,,,t
2368,images/191348830ddf.jpg,2,,,v
2369,images/1943983492e5.jpg,2,,,e
2370,images/196e6a186452.jpg,2,,,e
2371,images/1a369baf9ee6.jpg,2,,,t
2372,images/1ade1e949383.jpg,2,,,t
2373,images/1b4625877527.jpg,2,,,t
2374,images/1c4d87baaffc.jpg,2,,,t
2375,images/1c6d119c3d70.jpg,2,,,e
2376,images/1cb814ed6332.jpg,2,,,t
2377,images/1d14dd912671.jpg,2,,,e
2378,images/1d55e689cf84.jpg,2,,,t
2379,images/1db18bdd43aa.jpg,2,,,t
2380,images/1e143fa3de57.jpg,2,,,e
2381,images/1e1fb019710d.jpg,2,,,t
2382,images/1e4650743fa2.jpg,2,,,v
2383,images/1ee1eb7943db.jpg,2,,,t
2384,images/1f07dae3cadb.jpg,2,,,t
2385,images/1f0e223b8055.jpg,2,,,t
2386,images/1f4bf8e28b41.jpg,2,,,v
2387,images/1f63d44d9e3c.jpg,2,,,v
2388,images/20404ec7b518.jpg,2,,,t
2389,images/207a580de0ea.jpg,2,,,t
2390,images/20c883d3bd38.jpg,2,,,e
2391,images/2131aa3a1e6f.jpg,2,,,t
2392,images/217dad18a5ed.jpg,2,,,v
2393,images/222d0ac042b4.jpg,2,,,t
2394,images/2241b7e90782.jpg,2,,,e
2395,images/22ce8ef69357.jpg,2,,,t
2396,images/23148a40ecb0.jpg,2,,,e
2397,images/23175b7ef453.jpg,2,,,e
2398,images/232549883508.jpg,2,,,e
2399,images/234399352d36.jpg,2,,,t
2400,images/2376e5415458.jpg,2,,,t
2401,images/23d7ca170bdb.jpg,2,,,t
2402,images/2463bb04ebc3.jpg,2,,,t
2403,images/25002fe43f92.jpg,2,,,t
2404,images/25dc1b41ed9c.jpg,2,,,t
2405,images/2608e1dac5b1.jpg,2,,,t
2406,images/26999ebc21de.jpg,2,,,e
2407,images/26e231747848.jpg,2,,,t
2408,images/2700754f71e9.jpg,2,,,e
2409,images/272d9c043c81.jpg,2,,,t
2410,images/2735be026d44.jpg,2,,,t
2411,images/2776d70724d3.jpg,2,,,t
2412,images/27b68863349f.jpg,2,,,t
2413,images/27bab1432f61.jpg,2,,,t
2414,images/27fca9f12b3c.jpg,2,,,t
2415,images/282bc792d23a.jpg,2,,,e
2416,images/28824d12d31d.jpg,2,,,e
2417,images/28a4d00927b7.jpg,2,,,t
2418,images/28f93cad89c5.jpg,2,,,t
2419,images/2a3378bcfbcc.jpg,2,,,t
2420,images/2a3a1ed1c285.jpg,2,,,t
2421,images/2a47e5b21791.jpg,2,,,e
2422,images/2b07790a2422.jpg,2,,,e
2423,images/2b88cb6e31cd.jpg,2,,,e
2424,images/2bd4d4fbed5c.jpg,2,,,t
2425,images/2c1d5be654dd.jpg,2,,,t
2426,images/2cceb07ff706.jpg,2,,,v
2427,images/2cef97083e6f.jpg,2,,,t
2428,images/2d552318eb07.jpg,2,,,t
2429,images/2d870833c0c9.jpg,2,,,t
2430,images/2f9b66784109.jpg,2,,,t
2431,images/308f7fce6f0d.jpg,2,,,v
2432,images/310c27067ac0.jpg,2,,,t
2433,images/3128eb593012.jpg,2,,,t
2434,images/31452ad8808c.jpg,2,,,v
2435,images/31b5d6fb0256.jpg,2,,,e
2436,images/33e8e26a75d4.jpg,2,,,e
2437,images/3428230bf1bd.jpg,2,,,v
2438,images/34723fae6475.jpg,2,,,e
2439,images/349f3c0ac83e.jpg,2,,,t
2440,images/354b8911d6ed.jpg,2,,,v
2441,images/367c7049929c.jpg,2,,,e
2442,images/36a1e3c780a0.jpg,2,,,t
2443,images/36ec36c301c1.jpg,2,,,v
2444,images/38487e1a5b1f.jpg,2,,,e
2445,images/38e111cac46f.jpg,2,,,e
2446,images/38fe9f854046.jpg,2,,,t
2447,images/39923b29988a.jpg,2,,,t
2448,images/39b5b05d6cd9.jpg,2,,,e
2449,images/3a1d3ce00f0c.jpg,2,,,v
2450,images/3b58b02c89ed.jpg,2,,,t
2451,images/3c311c9109b0.jpg,2,,,t
2452,images/3cd801ffdbf0.jpg,2,,,e
2453,images/3cdda8b3df19.jpg,2,,,t
2454,images/3d3e288d490e.jpg,2,,,t
2455,images/3dbfbc11e105.jpg,2,,,e
2456,images/3dfc50108072.jpg,2,,,t
2457,images/3e1f8fecb06f.jpg,2,,,e
2458,images/3e6bfc4d5c65.jpg,2,,,e
2459,images/3f47f83217b5.jpg,2,,,t
2460,images/3f5b4c2948e8.jpg,2,,,v
2461,images/3fc219927a97.jpg,2,,,t
2462,images/3fd7df6099e3.jpg,2,,,e
2463,images/3ffa14d60b24.jpg,2,,,e
2464,images/417f408ee8e0.jpg,2,,,t
2465,images/419406328dcd.jpg,2,,,e
2466,images/4289af3afbd2.jpg,2,,,t
2467,images/42a67337fa8e.jpg,2,,,t
2468,images/42b08dca9b2f.jpg,2,,,t
2469,images/435d900fa7b2.jpg,2,,,e
2470,images/436e1793d240.jpg,2,,,t
2471,images/437900a99871.jpg,2,,,e
2472,images/437cbec4a3f8.jpg,2,,,e
2473,images/4384fa687afa.jpg,2,,,e
2474,images/43fb6eda9b97.jpg,2,,,v
2475,images/441117562359.jpg,2,,,e
2476,images/441affbe99aa.jpg,2,,,e
2477,images/44855f666225.jpg,2,,,t
2478,images/44c869174e3a.jpg,2,,,e
2479,images/44f4ae58990e.jpg,2,,,e
2480,images/453d553b0a94.jpg,2,,,t
2481,images/45ae04cfde5d.jpg,2,,,t
2482,images/45c39ab9e797.jpg,2,,,e
2483,images/465c618f7b23.jpg,2,,,e
2484,images/467b7d9d811c.jpg,2,,,t
2485,images/46c1548d730e.jpg,2,,,t
2486,images/46f56c38051f.jpg,2,,,t
2487,images/47b756014447.jpg,2,,,e
2488,images/47e51065b819.jpg,2,,,t
2489,images/48543037d0b3.jpg,2,,,t
2490,images/48c72dec46e5.jpg,2,,,t
2491,images/49419f8d5cb4.jpg,2,,,t
2492,images/49d69c4c6290.jpg,2,,,t
2493,images/4a0890b08532.jpg,2,,,e
2494,images/4a44cc840ebe.jpg,2,,,t
2495,images/4a558a1cd243.jpg,2,,,v
2496,images/4ad6109706e8.jpg,2,,,t
2497,images/4b422b48d0d4.jpg,2,,,e
2498,images/4c78d9d18da9.jpg,2,,,e
2499,images/4ce74e5eb51d.jpg,2,,,e
2500,images/4d1cf360b2d7.jpg,2,,,v
2501,images/4d21ce39c905.jpg,2,,,e
2502,images/4dbce359d0e1.jpg,2,,,t
2503,images/4e43d05cc2ef.jpg,2,,,t
2504,images/4ee1ad981a6d.jpg,2,,,t
2505,images/4ef0b485a7da.jpg,2,,,t
2506,images/4f20f9a9a65b.jpg,2,,,e
2507,images/4f60129e9a5b.jpg,2,,,t
2508,images/51030843fde2.jpg,2,,,t
2509,images/5173d54fc214.jpg,2,,,t
2510,images/5188a8afa879.jpg,2,,,e
2511,images/51cfeccaf40d.jpg,2,,,t
2512,images/521d3e264d71.jpg,2,,,t
2513,images/523d0c2cb4d6.jpg,2,,,t
2514,images/523ff163211b.jpg,2,,,t
2515,images/524f240e0c90.jpg,2,,,t
2516,images/525acfea47e8.jpg,2,,,e
2517,images/52dbec057cc8.jpg,2,,,t
2518,images/547b37da9223.jpg,2,,,t
2519,images/54bbe3da103e.jpg,2,,,v
2520,images/54cab3596214.jpg,2,,,v
2521,images/54dc6e8107cd.jpg,2,,,t
2522,images/56e56aa08362.jpg,2,,,t
2523,images/57469423a012.jpg,2,,,v
2524,images/57760be09c03.jpg,2,,,t
2525,images/57a5f1015504.jpg,2,,,e
2526,images/57f933d3d7c7.jpg,2,,,t
2527,images/582f739b8f62.jpg,2,,,t
2528,images/58529a8638d0.jpg,2,,,t
2529,images/5905a9b06a73.jpg,2,,,t
2530,images/594f69b503ad.jpg,2,,,t
2531,images/599b89048034.jpg,2,,,e
2532,images/5a11d21c2828.jpg,2,,,v
2533,images/5a5d3798c357.jpg,2,,,e
2534,images/5b301a6d1ac7.jpg,2,,,t
2535,images/5c6194562ed2.jpg,2,,,e
2536,images/5c8482926a08.jpg,2,,,t
2537,images/5cc6dea19614.jpg,2,,,t
2538,images/5cde55f745af.jpg,2,,,t
2539,images/5cf9127f251a.jpg,2,,,e
2540,images/5e18af29d812.jpg,2,,,v
2541,images/5e52c9fe676f.jpg,2,,,t
2542,images/5e7630f8438e.jpg,2,,,e
2543,images/5e7cc6ab4ac4.jpg,2,,,t
2544,images/5eb311bcb5f9.jpg,2,,,t
2545,images/5ed6dc419e4d.jpg,2,,,t
2546,images/5f70ad48a525.jpg,2,,,t
2547,images/61ac9b0dc6b9.jpg,2,,,e
2548,images/61c2fbd16e38.jpg,2,,,e
2549,images/62ab144d5cee.jpg,2,,,v
2550,images/62cc7ddb53b6.jpg,2,,,t
2551,images/62e6f814c8f5.jpg,2,,,t
2552,images/62ecdc90dd42.jpg,2,,,v
2553,images/64a13949e879.jpg,2,,,e
2554,images/6531070bf03c.jpg,2,,,t
2555,images/657859f893d9.jpg,2,,,e
2556,images/65e530ee2e79.jpg,2,,,t
2557,images/6666c4f18396.jpg,2,,,t
2558,images/6733544ae7a6.jpg,2,,,e
2559,images/6810410187a0.jpg,2,,,e
2560,images/681c3c115684.jpg,2,,,t
2561,images/6987804eb464.jpg,2,,,t
2562,images/6b869f37cdf3.jpg,2,,,t
2563,images/6ba5ed791444.jpg,2,,,v
2564,images/6c315ad3d07f.jpg,2,,,e
2565,images/6cb98da77e3e.jpg,2,,,v
2566,images/6d3d1fe6c32a.jpg,2,,,e
2567,images/6dfd80748e72.jpg,2,,,t
2568,images/6e092b306fe1.jpg,2,,,e
2569,images/6f4e0538d1e4.jpg,2,,,t
2570,images/70ed3ec68b94.jpg,2,,,e
2571,images/71e4130bf5c8.jpg,2,,,t
2572,images/731b19a460ad.jpg,2,,,t
2573,images/73e83a07a16d.jpg,2,,,v
2574,images/74418f620068.jpg,2,,,t
2575,images/7550966ef777.jpg,2,,,v
2576,images/75a7bc945b7d.jpg,2,,,t
2577,images/760b6f4c6d82.jpg,2,,,e
2578,images/76e6a9238570.jpg,2,,,e
2579,images/76fe19ff64fb.jpg,2,,,t
2580,images/7743f4e04a6d.jpg,2,,,v
2581,images/77543f66a84a.jpg,2,,,t
2582,images/77e7c7a160c8.jpg,2,,,t
2583,images/77f69c7ff324.jpg,2,,,t
2584,images/7877be80901c.jpg,2,,,t
2585,images/78a577c3e0bf.jpg,2,,,t
2586,images/79059d0592c4.jpg,2,,,t
2587,images/799cb4c816ae.jpg,2,,,t
2588,images/79be2ff796bf.jpg,2,,,t
2589,images/7a0cff4c24b2.jpg,2,,,t
2590,images/7b8c78b41c0d.jpg,2,,,e
2591,images/7bc2e0fa3f72.jpg,2,,,t
2592,images/7bda86d95c5b.jpg,2,,,t
2593,images/7d1b40fdbd86.jpg,2,,,v
2594,images/7d261f986bef.jpg,2,,,e
2595,images/7d37a2939f12.jpg,2,,,t
2596,images/7d8f67cadc29.jpg,2,,,e
2597,images/7dee6bf8b9c1.jpg,2,,,e
2598,images/7e6e90a93aa5.jpg,2,,,t
2599,images/7f84284598f5.jpg,2,,,v
2600,images/8000a6b97a84.jpg,2,,,e
2601,images/807135cbc438.jpg,2,,,t
2602,images/80feb1f7ca5e.jpg,2,,,t
2603,images/812d5adafaf2.jpg,2,,,t
2604,images/81bc03e2ff2b.jpg,2,,,v
2605,images/82910bba4753.jpg,2,,,t
2606,images/82deb07a6618.jpg,2,,,e
2607,images/83d6e40c869f.jpg,2,,,t
2608,images/8421107255ae.jpg,2,,,t
2609,images/8446826853d0.jpg,2,,,v
2610,images/84e8c62165b5.jpg,2,,,e
2611,images/8543a801dce0.jpg,2,,,t
2612,images/857002ed4e49.jpg,2,,,v
2613,images/86722fcd802c.jpg,2,,,e
2614,images/869bbd3170cc.jpg,2,,,v
2615,images/86baef833ae0.jpg,2,,,t
2616,images/86e7f98f73f1.jpg,2,,,t
2617,images/86fbac86ed3e.jpg,2,,,t
2618,images/876e1dd12d38.jpg,2,,,v
2619,images/87b1938994b5.jpg,2,,,t
2620,images/882a71de424e.jpg,2,,,v
2621,images/8860c7b11530.jpg,2,,,v
2622,images/8871e6a26596.jpg,2,,,t
2623,images/891392c9683c.jpg,2,,,t
2624,images/89b725411cee.jpg,2,,,e
2625,images/89d2a7403a06.jpg,2,,,e
2626,images/89ee1fa16f90.jpg,2,,,t
2627,images/89fc080f7e83.jpg,2,,,t
2628,images/8a67f1efa315.jpg,2,,,e
2629,images/8acffaf1f4b9.jpg,2,,,t
2630,images/8b26d3cd61e8.jpg,2,,,e
2631,images/8c87bd748996.jpg,2,,,e
2632,images/8cb6b0efaaac.jpg,2,,,t
2633,images/8cb6b5b2f19c.jpg,2,,,t
2634,images/8d62ba9cb22a.jpg,2,,,e
2635,images/8d7bb0649a02.jpg,2,,,t
2636,images/8dba09a4e5ed.jpg,2,,,t
2637,images/8dfa629ca74e.jpg,2,,,e
2638,images/8dfff47b06b7.jpg,2,,,t
2639,images/8e20b8fac7c3.jpg,2,,,t
2640,images/8e3b79e1f1f7.jpg,2,,,t
2641,images/8eb3337a54e9.jpg,2,,,t
2642,images/8ff2733f6aef.jpg,2,,,v
2643,images/9041eb43456e.jpg,2,,,e
2644,images/907aaff827e5.jpg,2,,,e
2645,images/913b1890ed1e.jpg,2,,,t
2646,images/917f76f360b6.jpg,2,,,e
2647,images/921433215353.jpg,2,,,e
2648,images/92b0d27fc0ec.jpg,2,,,t
2649,images/932181b93b2f.jpg,2,,,e
2650,images/94a67ec0714f.jpg,2,,,t
2651,images/9568eb7e9c08.jpg,2,,,t
2652,images/959dc602febc.jpg,2,,,t
2653,images/962cf85e4f6d.jpg,2,,,e
2654,images/96c3e3db68bc.jpg,2,,,t
2655,images/9785805af1b8.jpg,2,,,v
2656,images/97a5ad7548b7.jpg,2,,,t
2657,images/98f7136d2e7a.jpg,2,,,t
2658,images/999115d9386b.jpg,2,,,e
2659,images/99e8bf998285.jpg,2,,,v
2660,images/9a3c03a5ad0f.jpg,2,,,t
2661,images/9a9b21215c55.jpg,2,,,t
2662,images/9ad92f1c1542.jpg,2,,,t
2663,images/9b418ce42c13.jpg,2,,,t
2664,images/9b7b6e4db1d5.jpg,2,,,e
2665,images/9b95d6203406.jpg,2,,,t
2666,images/9d74428188bb.jpg,2,,,e
2667,images/9d98a0b585f2.jpg,2,,,t
2668,images/9d9bfefa809c.jpg,2,,,t
2669,images/9da74370835a.jpg,2,,,e
2670,images/9dab2e6ba44b.jpg,2,,,e
2671,images/9df31421cdd2.jpg,2,,,e
2672,images/9e5ec293267c.jpg,2,,,e
2673,images/9f1efb799b7b.jpg,2,,,e
2674,images/9f436886e056.jpg,2,,,e
2675,images/a015ce4f51ad.jpg,2,,,v
2676,images/a01c590c444f.jpg,2,,,t
2677,images/a04fb36db784.jpg,2,,,e
2678,images/a06e41bd2634.jpg,2,,,e
2679,images/a0a0cd8af5a6.jpg,2,,,e
2680,images/a0d04a19cf40.jpg,2,,,e
2681,images/a150ff5dfe07.jpg,2,,,t
2682,images/a15652b22ab8.jpg,2,,,e
2683,images/a19507501b40.jpg,2,,,v
2684,images/a1b12fdce6c3.jpg,2,,,t
2685,images/a21b37719f9b.jpg,2,,,t
2686,images/a2d349f567a6.jpg,2,,,e
2687,images/a3802934bad7.jpg,2,,,v
2688,images/a386ec9aabde.jpg,2,,,e
2689,images/a3957df90a78.jpg,2,,,e
2690,images/a3b2e93d058b.jpg,2,,,t
2691,images/a47878630dc2.jpg,2,,,e
2692,images/a49b0b4484ea.jpg,2,,,e
2693,images/a505981d1cab.jpg,2,,,t
2694,images/a56230242a95.jpg,2,,,e
2695,images/a62ea0043aa7.jpg,2,,,v
2696,images/a64273801bde.jpg,2,,,t
2697,images/a66c3165876f.jpg,2,,,t
2698,images/a688f20f8895.jpg,2,,,e
2699,images/a6c9e96a10d7.jpg,2,,,t
2700,images/a86c6283fd78.jpg,2,,,t
2701,images/a879c3569552.jpg,2,,,t
2702,images/a8e08e7fe016.jpg,2,,,t
2703,images/a9c7b83caf81.jpg,2,,,e
2704,images/a9d0c900b6a9.jpg,2,,,v
2705,images/aa0afc41ed19.jpg,2,,,t
2706,images/aa841de1ee82.jpg,2,,,e
2707,images/aa9cfe639ef1.jpg,2,,,t
2708,images/abf09c44d5f4.jpg,2,,,v
2709,images/abf0f56c6f12.jpg,2,,,t
2710,images/ac2c814949f9.jpg,2,,,t
2711,images/ac5b5dddf91b.jpg,2,,,t
2712,images/ac720570dd0f.jpg,2,,,t
2713,images/acc9f29538c4.jpg,2,,,t
2714,images/ad570b850a4f.jpg,2,,,t
2715,images/aed4e743c230.jpg,2,,,t
2716,images/b06dabab4f09.jpg,2,,,e
2717,images/b0d35981708b.jpg,2,,,t
2718,images/b0d6417bad3e.jpg,2,,,e
2719,images/b0eeae01b8ab.jpg,2,,,e
2720,images/b13d72ceea26.jpg,2,,,t
2721,images/b3d12069e1c5.jpg,2,,,t
2722,images/b402b18d99a5.jpg,2,,,t
2723,images/b402daa0864c.jpg,2,,,t
2724,images/b468ebf5cb11.jpg,2,,,e
2725,images/b6304c545f95.jpg,2,,,t
2726,images/b665041e1633.jpg,2,,,t
2727,images/b746a6681ba9.jpg,2,,,t
2728,images/b762c29cf2f3.jpg,2,,,e
2729,images/b82d5f1f1145.jpg,2,,,t
2730,images/b83a6eca125f.jpg,2,,,t
2731,images/b89938407ee6.jpg,2,,,t
2732,images/b91ef82e723a.jpg,2,,,v
2733,images/b98f77098b9d.jpg,2,,,v
2734,images/b99794a0beed.jpg,2,,,t
2735,images/b99c825b93c5.jpg,2,,,t
2736,images/ba25f947f4ec.jpg,2,,,e
2737,images/ba2624883599.jpg,2,,,t
2738,images/bb733062f494.jpg,2,,,t
2739,images/bc23f74e14dd.jpg,2,,,t
2740,images/bcdc8db5423b.jpg,2,,,t
2741,images/bda7ff3b1562.jpg,2,,,t
2742,images/bda8c973b09d.jpg,2,,,t
2743,images/be161517d3ac.jpg,2,,,e
2744,images/be21d8b60e2a.jpg,2,,,v
2745,images/be68322c7223.jpg,2,,,t
2746,images/bf1b7e21e774.jpg,2,,,t
2747,images/bf9cba745efc.jpg,2,,,v
2748,images/bfd5c0e55420.jpg,2,,,t
2749,images/bfda2fd0533a.jpg,2,,,v
2750,images/c05b7b4c22fe.jpg,2,,,v
2751,images/c1c8550508e0.jpg,2,,,e
2752,images/c252da9b41d8.jpg,2,,,t
2753,images/c280730cc211.jpg,2,,,t
2754,images/c2d2b4f536da.jpg,2,,,e
2755,images/c3e02d4a1798.jpg,2,,,t
2756,images/c4e8b1ec8893.jpg,2,,,t
2757,images/c5431b81cbc9.jpg,2,,,e
2758,images/c568e5245ea5.jpg,2,,,e
2759,images/c5ad60521f8c.jpg,2,,,e
2760,images/c613db1cab27.jpg,2,,,e
2761,images/c68dfa021d62.jpg,2,,,t
2762,images/c6e1e9fbf39b.jpg,2,,,t
2763,images/c73c5f6ef664.jpg,2,,,t
2764,images/c7e827fc7f41.jpg,2,,,t
2765,images/c80f79579fed.jpg,2,,,e
2766,images/c9d42d7534e0.jpg,2,,,t
2767,images/ca360bec5851.jpg,2,,,t
2768,images/ca7f5caddf96.jpg,2,,,t
2769,images/ca9c912ebad7.jpg,2,,,e
2770,images/cac80797770f.jpg,2,,,v
2771,images/caec68f11c86.jpg,2,,,t
2772,images/cb602182cde3.jpg,2,,,t
2773,images/cbc2e57447c2.jpg,2,,,t
2774,images/cbf0394039f8.jpg,2,,,v
2775,images/cc1eebed9276.jpg,2,,,t
2776,images/cc839823755b.jpg,2,,,t
2777,images/cca626a0e19a.jpg,2,,,e
2778,images/ccd34029493d.jpg,2,,,t
2779,images/cd4e7f9fa1a9.jpg,2,,,t
2780,images/ceaa5803d780.jpg,2,,,v
2781,images/ceb601fe8dba.jpg,2,,,t
2782,images/cf0824f53dd9.jpg,2,,,e
2783,images/d18b1d8ac4de.jpg,2,,,t
2784,images/d18e5b68f6d2.jpg,2,,,e
2785,images/d1fb4efb117c.jpg,2,,,v
2786,images/d25b8a8ad3c4.jpg,2,,,e
2787,images/d28bd830c171.jpg,2,,,t
2788,images/d364423ec6f9.jpg,2,,,t
2789,images/d3be5346684b.jpg,2,,,t
2790,images/d3d578fe433f.jpg,2,,,t
2791,images/d473f6fafba0.jpg,2,,,t
2792,images/d4be0403e6ab.jpg,2,,,e
2793,images/d5a39339ff3d.jpg,2,,,e
2794,images/d6228d951958.jpg,2,,,e
2795,images/d6283ded6aea.jpg,2,,,t
2796,images/d67374d3fa2a.jpg,2,,,e
2797,images/d81338217fc5.jpg,2,,,e
2798,images/d81b6ed83bc2.jpg,2,,,t
2799,images/d83d0695e215.jpg,2,,,e
2800,images/d8404680bba6.jpg,2,,,e
2801,images/d88806d9ece9.jpg,2,,,t
2802,images/d91273efb92a.jpg,2,,,t
2803,images/d9311f7497cb.jpg,2,,,v
2804,images/d94e10f42861.jpg,2,,,t
2805,images/d952dbfb0fe4.jpg,2,,,t
2806,images/d95959798b57.jpg,2,,,t
2807,images/d994203deb64.jpg,2,,,t
2808,images/d9a475dfe59a.jpg,2,,,t
2809,images/da8900ac7f29.jpg,2,,,t
2810,images/daeaa5d8cf70.jpg,2,,,v
2811,images/db49cdf1ea64.jpg,2,,,t
2812,images/dbee04ae6426.jpg,2,,,t
2813,images/dc3c0d8ee20b.jpg,2,,,t
2814,images/dc6fa1b38b83.jpg,2,,,e
2815,images/dd110d2b8c21.jpg,2,,,v
2816,images/de50dfa745f8.jpg,2,,,e
2817,images/de778495a1cd.jpg,2,,,t
2818,images/df8365d6ac33.jpg,2,,,t
2819,images/df841a0440d8.jpg,2,,,e
2820,images/e1418d28d668.jpg,2,,,e
2821,images/e150935f66a6.jpg,2,,,e
2822,images/e17507a4a1f5.jpg,2,,,e
2823,images/e2161692a0b4.jpg,2,,,t
2824,images/e265c870f9b3.jpg,2,,,t
2825,images/e2856afe62c5.jpg,2,,,t
2826,images/e34fa07bd64d.jpg,2,,,t
2827,images/e387311a840e.jpg,2,,,v
2828,images/e4151feb8443.jpg,2,,,e
2829,images/e540d2e35d15.jpg,2,,,t
2830,images/e599151ca14b.jpg,2,,,e
2831,images/e65a2ff90494.jpg,2,,,t
2832,images/e65f94ad9be3.jpg,2,,,t
2833,images/e6a6acf7fca1.jpg,2,,,t
2834,images/e6f0ce5bf282.jpg,2,,,t
2835,images/e724866f5084.jpg,2,,,v
2836,images/e756495c11cb.jpg,2,,,t
2837,images/e7a7187066ad.jpg,2,,,t
2838,images/e7defafeb957.jpg,2,,,t
2839,images/e7fc93ac5b6d.jpg,2,,,v
2840,images/e85d410d6836.jpg,2,,,t
2841,images/e868c3da340b.jpg,2,,,e
2842,images/e9129ce55fd7.jpg,2,,,t
2843,images/e96099b961b4.jpg,2,,,t
2844,images/e9f82b5bbaf4.jpg,2,,,e
2845,images/ea05c22d92e9.jpg,2,,,t
2846,images/ea9e0fb6fb0b.jpg,2,,,v
2847,images/eae901557a84.jpg,2,,,t
2848,images/eb1ad14dd281.jpg,2,,,t
2849,images/ed2c06fcc573.jpg,2,,,t
2850,images/ed88faaa325a.jpg,2,,,v
2851,images/ee02294cc3d9.jpg,2,,,e
2852,images/f0800723bc63.jpg,2,,,t
2853,images/f1a761c68559.jpg,2,,,t
2854,images/f2094a20b275.jpg,2,,,e
2855,images/f23902998c21.jpg,2,,,t
2856,images/f3a268d2726d.jpg,2,,,t
2857,images/f3a88d3026dc.jpg,2,,,v
2858,images/f45f1485c940.jpg,2,,,e
2859,images/f4d3777f2710.jpg,2,,,t
2860,images/f583a722434c.jpg,2,,,e
2861,images/f61bf44c677c.jpg,2,,,e
2862,images/f69400b316a7.jpg,2,,,t
2863,images/f7edc074f06b.jpg,2,,,t
2864,images/f8fc411092c7.jpg,2,,,t
2865,images/f920ccd926db.jpg,2,,,t
2866,images/f999c6921e6d.jpg,2,,,e
2867,images/f9aa35187bf3.jpg,2,,,v
2868,images/f9ecf1795804.jpg,2,,,v
2869,images/fc4c2d35c6f8.jpg,2,,,t
2870,images/fcc55ae641ae.jpg,2,,,t
2871,images/fd48cf452e9d.jpg,2,,,t
2872,images/ff0740cb484a.jpg,2,,,t
2873,images/ffa47f6a7bf4.jpg,2,,,e
2874,images/ffcf7b45f213.jpg,2,,,t
2875,images/ffec9a18a3ce.jpg,2,,,e
2876,images/03c85870824c.jpg,3,,,t
2877,images/05cd0178ccfe.jpg,3,,,t
2878,images/07a0e34c8d20.jpg,3,,,e
2879,images/093a42649c29.jpg,3,,,t
2880,images/0c917c372572.jpg,3,,,t
2881,images/0cb14014117d.jpg,3,,,t
2882,images/0dc8d25b3f69.jpg,3,,,e
2883,images/0f882877bf13.jpg,3,,,v
2884,images/0f96c358a250.jpg,3,,,e
2885,images/15bed5adde74.jpg,3,,,e
2886,images/166068a24416.jpg,3,,,t
2887,images/19244004583f.jpg,3,,,t
2888,images/1b495ac025b7.jpg,3,,,v
2889,images/1c9521878baf.jpg,3,,,e
2890,images/237c078d00fc.jpg,3,,,v
2891,images/24b87f744598.jpg,3,,,t
2892,images/25b0e72705a8.jpg,3,,,t
2893,images/2665f72e2dd3.jpg,3,,,e
2894,images/2b48daf24be0.jpg,3,,,t
2895,images/2bbd1f99ecc3.jpg,3,,,t
2896,images/31616ff6b53b.jpg,3,,,t
2897,images/33778d136069.jpg,3,,,t
2898,images/3435fd8675a2.jpg,3,,,t
2899,images/352e4a939242.jpg,3,,,t
2900,images/38055d8b9f08.jpg,3,,,t
2901,images/3e3a3955b9c5.jpg,3,,,e
2902,images/3f49f8d100e9.jpg,3,,,t
2903,images/457c7c927e27.jpg,3,,,e
2904,images/4c570172778b.jpg,3,,,e
2905,images/4c9f0fdaaef7.jpg,3,,,t
2906,images/4df6a81b476e.jpg,3,,,t
2907,images/4f0866b90c27.jpg,3,,,t
2908,images/4fecf87184e6.jpg,3,,,e
2909,images/50a2aef380c8.jpg,3,,,e
2910,images/5b3e7197ac1c.jpg,3,,,e
2911,images/6061f5b7378d.jpg,3,,,t
2912,images/6089fa333013.jpg,3,,,t
2913,images/6181aa9f75f4.jpg,3,,,t
2914,images/6735931000ec.jpg,3,,,t
2915,images/687759336b0d.jpg,3,,,v
2916,images/697538183db5.jpg,3,,,e
2917,images/6baafa56895c.jpg,3,,,t
2918,images/6d0c0531083f.jpg,3,,,t
2919,images/72595230840c.jpg,3,,,t
2920,images/74eee788edee.jpg,3,,,t
2921,images/772af553b8b7.jpg,3,,,t
2922,images/788ddb0b70b7.jpg,3,,,e
2923,images/7a6e384a0846.jpg,3,,,e
2924,images/7b49041cbf17.jpg,3,,,t
2925,images/7d3835e4e63a.jpg,3,,,v
2926,images/80ca40196225.jpg,3,,,e
2927,images/810d3779abd9.jpg,3,,,t
2928,images/8201cab8322d.jpg,3,,,t
2929,images/86d6808f0609.jpg,3,,,t
2930,images/8958a4d17b7e.jpg,3,,,e
2931,images/8a234d68b27e.jpg,3,,,t
2932,images/8a9bef2fbd4e.jpg,3,,,t
2933,images/90b8bf342032.jpg,3,,,t
2934,images/913490237ad4.jpg,3,,,t
2935,images/996f57c86ba5.jpg,3,,,v
2936,images/9a94e0316ee3.jpg,3,,,t
2937,images/9bafbbd152d2.jpg,3,,,t
2938,images/9f37c98b8187.jpg,3,,,t
2939,images/9fefe2b44795.jpg,3,,,t
2940,images/a14fcf84bfe1.jpg,3,,,t
2941,images/a4b8de38eac1.jpg,3,,,e
2942,images/a4d4b69f7404.jpg,3,,,t
2943,images/a763661f98a5.jpg,3,,,t
2944,images/a8e88d4891c4.jpg,3,,,t
2945,images/a9e984b57556.jpg,3,,,t
2946,images/aba3063c5413.jpg,3,,,t
2947,images/ad2f0b9d059c.jpg,3,,,t
2948,images/adb56cecafaf.jpg,3,,,t
2949,images/af3b0115aad1.jpg,3,,,e
2950,images/b019a49787c1.jpg,3,,,v
2951,images/b191ba0a2b12.jpg,3,,,t
2952,images/b3d135bd3bb5.jpg,3,,,t
2953,images/b5834ee64541.jpg,3,,,e
2954,images/b6bfe9db60e5.jpg,3,,,e
2955,images/b7e0f95353f2.jpg,3,,,t
2956,images/bb5083fae98f.jpg,3,,,v
2957,images/bec0acd539b2.jpg,3,,,v
2958,images/bf8092e4001d.jpg,3,,,t
2959,images/c0a0828e01b4.jpg,3,,,v
2960,images/c31651ea04c6.jpg,3,,,t
2961,images/c3cd0200df79.jpg,3,,,v
2962,images/c5ba9e455d5e.jpg,3,,,e
2963,images/c67117c6ab3b.jpg,3,,,t
2964,images/c9ea9d5eab65.jpg,3,,,e
2965,images/d0079cc188e9.jpg,3,,,t
2966,images/d035c2bd9104.jpg,3,,,v
2967,images/d3e884109b45.jpg,3,,,e
2968,images/dd3dad6ca78f.jpg,3,,,t
2969,images/e0b5a982a018.jpg,3,,,v
2970,images/e13412678eff.jpg,3,,,e
2971,images/e19936582c61.jpg,3,,,v
2972,images/e4210e7fe587.jpg,3,,,t
2973,images/e76a9cbb2a8c.jpg,3,,,t
2974,images/e8d1c6c07cf2.jpg,3,,,e
2975,images/ed6704e3b72e.jpg,3,,,t
2976,images/f080a22008be.jpg,3,,,t
2977,images/f092febbf5c0.jpg,3,,,t
2978,images/f5a8c6426a71.jpg,3,,,t
2979,images/f6f433f3306f.jpg,3,,,v
2980,images/fb61230b99dd.jpg,3,,,t
2981,images/fcc6aa6755e6.jpg,3,,,t
2982,images/fda39982a810.jpg,3,,,t
2983,images/fe0fc67c7980.jpg,3,,,t
2984,images/0083ee8054ee.jpg,4,,,t
2985,images/0243404e8a00.jpg,4,,,t
2986,images/034cb07a550f.jpg,4,,,e
2987,images/07122e268a1d.jpg,4,,,t
2988,images/080ee76c958c.jpg,4,,,t
2989,images/080f66eedfb9.jpg,4,,,t
2990,images/0ceb222f6629.jpg,4,,,t
2991,images/165cd2070ebd.jpg,4,,,t
2992,images/16ce555748d8.jpg,4,,,e
2993,images/187f6ccda87a.jpg,4,,,t
2994,images/19ef4d292196.jpg,4,,,t
2995,images/1a7e3356b39c.jpg,4,,,t
2996,images/1b32e1d775ea.jpg,4,,,t
2997,images/1efa5d443707.jpg,4,,,e
2998,images/211518c46162.jpg,4,,,t
2999,images/22895c89792f.jpg,4,,,v
3000,images/247ac63e5510.jpg,4,,,t
3001,images/254052cf3e48.jpg,4,,,v
3002,images/25d069089c5e.jpg,4,,,v
3003,images/2628305cbb29.jpg,4,,,e
3004,images/262ad704319c.jpg,4,,,v
3005,images/26463a5fb949.jpg,4,,,e
3006,images/27e2be850a99.jpg,4,,,t
3007,images/281d7b7c7676.jpg,4,,,e
3008,images/2f284b6a1940.jpg,4,,,t
3009,images/2f7789c1e046.jpg,4,,,t
3010,images/2fde69f20585.jpg,4,,,e
3011,images/2fe06bedb2c4.jpg,4,,,t
3012,images/312694ea8e6a.jpg,4,,,t
3013,images/378963f9df22.jpg,4,,,t
3014,images/3796af4d987a.jpg,4,,,t
3015,images/3a1ecf5e2839.jpg,4,,,t
3016,images/3a6e9730b298.jpg,4,,,e
3017,images/3b232b394e4f.jpg,4,,,e
3018,images/3b4a5fcbe5e0.jpg,4,,,e
3019,images/3ca637fddd56.jpg,4,,,e
3020,images/3ccf96c1dd6d.jpg,4,,,e
3021,images/3f752fcccec0.jpg,4,,,e
3022,images/408ea9d5e082.jpg,4,,,t
3023,images/4462fba1d2a1.jpg,4,,,e
3024,images/44ecf3f4efa5.jpg,4,,,t
3025,images/4689b739d240.jpg,4,,,e
3026,images/46cdc8b685bd.jpg,4,,,v
3027,images/499c8df39222.jpg,4,,,t
3028,images/4a693dd3921a.jpg,4,,,e
3029,images/4a7dc013e802.jpg,4,,,t
3030,images/4ccfa0b4e96c.jpg,4,,,t
3031,images/576e189d23d4.jpg,4,,,v
3032,images/59fee5bc3479.jpg,4,,,t
3033,images/5b5b80a3edee.jpg,4,,,e
3034,images/5b76117c4bcb.jpg,4,,,v
3035,images/5bda2ed09e62.jpg,4,,,e
3036,images/5d74f98d62be.jpg,4,,,t
3037,images/5e7db41b3bee.jpg,4,,,t
3038,images/61e301bd3c25.jpg,4,,,t
3039,images/61f403fdb434.jpg,4,,,e
3040,images/62318d514160.jpg,4,,,t
3041,images/64bad93fde3f.jpg,4,,,t
3042,images/64fedbf97473.jpg,4,,,e
3043,images/65c958379680.jpg,4,,,t
3044,images/65e120143825.jpg,4,,,t
3045,images/66375b3c64db.jpg,4,,,v
3046,images/69fff98cb32a.jpg,4,,,v
3047,images/6cd606dc52e9.jpg,4,,,t
3048,images/6cfb7b44ef6f.jpg,4,,,e
3049,images/6d259b5b4c76.jpg,4,,,e
3050,images/6e73acb2cf60.jpg,4,,,e
3051,images/6f4719c6bb4b.jpg,4,,,e
3052,images/702de9dcde32.jpg,4,,,t
3053,images/70d657f8f503.jpg,4,,,t
3054,images/710b05a96e0f.jpg,4,,,e
3055,images/7270367410a1.jpg,4,,,t
3056,images/72d98188648f.jpg,4,,,e
3057,images/785777558f05.jpg,4,,,t
3058,images/789434d095d1.jpg,4,,,t
3059,images/78b3f819dcc5.jpg,4,,,e
3060,images/79d44db3da2d.jpg,4,,,t
3061,images/7a238a1d3cf3.jpg,4,,,t
3062,images/7b211d8bd249.jpg,4,,,t
3063,images/7bc4dd99eee5.jpg,4,,,v
3064,images/7c629b491d1a.jpg,4,,,e
3065,images/7cc4b7aabe04.jpg,4,,,t
3066,images/7d626a7ffe76.jpg,4,,,t
3067,images/7e4019ac7f5a.jpg,4,,,t
3068,images/7efc91af4ae6.jpg,4,,,e
3069,images/80964d8e0863.jpg,4,,,e
3070,images/838c87c63422.jpg,4,,,e
3071,images/85cbb84ac8e0.jpg,4,,,t
3072,images/873dcc0b468f.jpg,4,,,t
3073,images/87774aafe068.jpg,4,,,e
3074,images/8785b71238d8.jpg,4,,,t
3075,images/8ac0c44bbf24.jpg,4,,,v
3076,images/8ae049175db6.jpg,4,,,t
3077,images/8af6a4e5396f.jpg,4,,,t
3078,images/8d8aca52c07b.jpg,4,,,t
3079,images/8db2ce991101.jpg,4,,,v
3080,images/8eeac97f02f0.jpg,4,,,v
3081,images/95e732e043a1.jpg,4,,,t
3082,images/9859e2a6cc24.jpg,4,,,v
3083,images/9cc6b1f9bcbd.jpg,4,,,t
3084,images/a182b5b191de.jpg,4,,,t
3085,images/a32b5ce3d48a.jpg,4,,,e
3086,images/a5c9a8c726b2.jpg,4,,,v
3087,images/aa6673241154.jpg,4,,,e
3088,images/aeed1f251ceb.jpg,4,,,t
3089,images/b1b3e7d0a5f3.jpg,4,,,t
3090,images/b37aae3c8fe1.jpg,4,,,e
3091,images/b49b2fac2514.jpg,4,,,t
3092,images/b55d2ddb3e75.jpg,4,,,t
3093,images/b70cb31b9abb.jpg,4,,,t
3094,images/b77b8a1f09f1.jpg,4,,,t
3095,images/ba08cee68c71.jpg,4,,,e
3096,images/bc34ed91c9bc.jpg,4,,,e
3097,images/bcd503c726ba.jpg,4,,,t
3098,images/bd5013540a13.jpg,4,,,e
3099,images/bd9904495ccd.jpg,4,,,t
3100,images/bdff5d8bddf8.jpg,4,,,t
3101,images/bfefa7344e7d.jpg,4,,,t
3102,images/c0e509786f7f.jpg,4,,,t
3103,images/c1896142a20a.jpg,4,,,v
3104,images/c5e238aa18be.jpg,4,,,t
3105,images/c62585bd68fb.jpg,4,,,v
3106,images/cb547e723a16.jpg,4,,,t
3107,images/cbd0870aa933.jpg,4,,,t
3108,images/cc3d2e961768.jpg,4,,,t
3109,images/cd972e5639e0.jpg,4,,,t
3110,images/cf1b9d26d38d.jpg,4,,,v
3111,images/d0b132d2c7ec.jpg,4,,,t
3112,images/d10ef306996b.jpg,4,,,v
3113,images/d1a24527a15d.jpg,4,,,v
3114,images/d48178e4a49b.jpg,4,,,e
3115,images/d659d7fd5ccf.jpg,4,,,t
3116,images/d803598dabda.jpg,4,,,t
3117,images/d85ea1220a03.jpg,4,,,t
3118,images/d9ba044671e1.jpg,4,,,e
3119,images/dad71ba27a9b.jpg,4,,,v
3120,images/de16416220de.jpg,4,,,t
3121,images/df4913ca3712.jpg,4,,,t
3122,images/df84e7113003.jpg,4,,,t
3123,images/e019b3e0f33d.jpg,4,,,e
3124,images/e037643244b7.jpg,4,,,t
3125,images/e32dc722eca5.jpg,4,,,t
3126,images/e39b627cf648.jpg,4,,,e
3127,images/e3ab63dc9a60.jpg,4,,,e
3128,images/e4f12411fd85.jpg,4,,,e
3129,images/e62490b7d0e9.jpg,4,,,t
3130,images/e740af6ac6ea.jpg,4,,,t
3131,images/e7d2c2c3b30f.jpg,4,,,e
3132,images/e9ab8413e771.jpg,4,,,t
3133,images/eaa0dfbd5024.jpg,4,,,e
3134,images/ed246ae1ed08.jpg,4,,,e
3135,images/ed3a0fc5b546.jpg,4,,,t
3136,images/ef26625121b3.jpg,4,,,t
3137,images/f0098e9d4aee.jpg,4,,,t
3138,images/f03d3c4ce7fb.jpg,4,,,e
3139,images/f0f89314e860.jpg,4,,,e
3140,images/f1dc26c4bfa3.jpg,4,,,t
3141,images/f2d2a0c92034.jpg,4,,,t
3142,images/f549294e12e1.jpg,4,,,e
3143,images/f58d37d48e42.jpg,4,,,t
3144,images/f5e6226bd2e0.jpg,4,,,e
3145,images/f850cb51fdba.jpg,4,,,t
3146,images/f8cf7ed8ef00.jpg,4,,,v
3147,images/fb696a8e055a.jpg,4,,,t
3148,images/022f820027b8.jpg,0,,,t
3149,images/0231642cf1c2.jpg,0,,,t
3150,images/0423237770a7.jpg,0,,,t
3151,images/06be1092a062.jpg,0,,,t
3152,images/070d4ce5fd90.jpg,0,,,t
3153,images/0773a1c326ad.jpg,0,,,e
3154,images/07e827469099.jpg,0,,,t
3155,images/084c02cf077f.jpg,0,,,v
3156,images/08c60c647673.jpg,0,,,e
3157,images/0a74c92e287c.jpg,0,,,t
3158,images/0c38940e1f80.jpg,0,,,t
3159,images/0cae727cf119.jpg,0,,,v
3160,images/0cb6b898389f.jpg,0,,,t
3161,images/1002f3fe38f0.jpg,0,,,t
3162,images/103abbd8b63e.jpg,0,,,t
3163,images/11b220a397b8.jpg,0,,,t
3164,images/12ab2f6397f0.jpg,0,,,e
3165,images/12b57dac703e.jpg,0,,,t
3166,images/13073f075a56.jpg,0,,,e
3167,images/1608c82a263f.jpg,0,,,v
3168,images/164cd5a3a6cd.jpg,0,,,v
3169,images/165c548185f8.jpg,0,,,v
3170,images/174db0854291.jpg,0,,,t
3171,images/1782142e17d9.jpg,0,,,t
3172,images/18621b9ca978.jpg,0,,,t
3173,images/1891698febce.jpg,0,,,e
3174,images/18cde9649e90.jpg,0,,,v
3175,images/1c13a1483f4a.jpg,0,,,e
3176,images/1d2472849dce.jpg,0,,,t
3177,images/1fb455685328.jpg,0,,,e
3178,images/207dd0487264.jpg,0,,,e
3179,images/20f86e068276.jpg,0,,,t
3180,images/215d2b7c3fde.jpg,0,,,e
3181,images/22449af52060.jpg,0,,,e
3182,images/22d843b2bbd1.jpg,0,,,t
3183,images/24f3e70f0419.jpg,0,,,t
3184,images/252305189b3a.jpg,0,,,e
3185,images/260a455692b5.jpg,0,,,t
3186,images/263d8851e33b.jpg,0,,,e
3187,images/26cd40b57ad1.jpg,0,,,t
3188,images/29d059522fa1.jpg,0,,,t
3189,images/2a93334f663a.jpg,0,,,t
3190,images/2eba4279e503.jpg,0,,,t
3191,images/30263a7d5609.jpg,0,,,t
3192,images/306c841af3fc.jpg,0,,,t
3193,images/3079490a4b9c.jpg,0,,,e
3194,images/33596a635b53.jpg,0,,,e
3195,images/351e842842a2.jpg,0,,,e
3196,images/3580a545016d.jpg,0,,,t
3197,images/3599029efeb3.jpg,0,,,t
3198,images/369229040a34.jpg,0,,,e
3199,images/3710ff45299c.jpg,0,,,t
3200,images/3730c322d35b.jpg,0,,,t
3201,images/384db24ebbd7.jpg,0,,,v
3202,images/388279491b5d.jpg,0,,,v
3203,images/3a643599f852.jpg,0,,,v
3204,images/3cab32dd6ef9.jpg,0,,,t
3205,images/3e61703b5ab2.jpg,0,,,t
3206,images/405085b53d7b.jpg,0,,,e
3207,images/40c24aded50c.jpg,0,,,v
3208,images/41960d5f58c2.jpg,0,,,t
3209,images/4409965eb2a4.jpg,0,,,t
3210,images/441848e0f308.jpg,0,,,e
3211,images/454a944eb557.jpg,0,,,e
3212,images/462937ece243.jpg,0,,,t
3213,images/47536db39f00.jpg,0,,,e
3214,images/48a45619d1a3.jpg,0,,,t
3215,images/4958bfcc9f38.jpg,0,,,e
3216,images/49e4b95ee2dc.jpg,0,,,t
3217,images/4a5a6efc0bef.jpg,0,,,e
3218,images/4aa3d771c5e4.jpg,0,,,e
3219,images/4b237b958555.jpg,0,,,v
3220,images/4c6c5a1bf5ab.jpg,0,,,t
3221,images/4ccee4db09b6.jpg,0,,,t
3222,images/4d17559ac1e2.jpg,0,,,v
3223,images/4dd7b322f342.jpg,0,,,t
3224,images/4e231670b48c.jpg,0,,,t
3225,images/4ef16a53d899.jpg,0,,,t
3226,images/529906ff9dfa.jpg,0,,,v
3227,images/5445255635f0.jpg,0,,,t
3228,images/54bdcdecd8f3.jpg,0,,,e
3229,images/55968f0e63c4.jpg,0,,,t
3230,images/565f3404f9b2.jpg,0,,,t
3231,images/57db4781e7ec.jpg,0,,,e
3232,images/5814cbd2e9bf.jpg,0,,,t
3233,images/599498e9e4bc.jpg,0,,,t
3234,images/5b32ece9c627.jpg,0,,,e
3235,images/5b47043942f4.jpg,0,,,t
3236,images/5ce5eeaf757a.jpg,0,,,t
3237,images/5f4a8c074bd5.jpg,0,,,t
3238,images/60edda7b4871.jpg,0,,,v
3239,images/6107a2e9f60e.jpg,0,,,t
3240,images/639915f58a2f.jpg,0,,,t
3241,images/64b9206afb3f.jpg,0,,,e
3242,images/64c6c6ee0d98.jpg,0,,,e
3243,images/682312e82ee3.jpg,0,,,v
3244,images/684dd88a0d49.jpg,0,,,t
3245,images/6a2c3f4ef329.jpg,0,,,t
3246,images/6b3860e8f64f.jpg,0,,,v
3247,images/6b664ed2a938.jpg,0,,,t
3248,images/6c00dd8bf708.jpg,0,,,e
3249,images/6c3589d7ed8d.jpg,0,,,t
3250,images/6cb96a6fb029.jpg,0,,,t
3251,images/6de39b94f634.jpg,0,,,t
3252,images/6e44f6d04fc9.jpg,0,,,e
3253,images/6e861bc3bd7b.jpg,0,,,e
3254,images/6fe67fd7f5d1.jpg,0,,,t
3255,images/750e0168399d.jpg,0,,,e
3256,images/7526cf435753.jpg,0,,,t
3257,images/7569ac24762e.jpg,0,,,e
3258,images/75a4343b12f9.jpg,0,,,t
3259,images/77b7b71ebcc3.jpg,0,,,e
3260,images/789c60cba801.jpg,0,,,t
3261,images/7a42443ed106.jpg,0,,,v
3262,images/7a6495a39d87.jpg,0,,,t
3263,images/7a77c3eb468c.jpg,0,,,t
3264,images/7b87b0015282.jpg,0,,,e
3265,images/7be1b9aa78aa.jpg,0,,,t
3266,images/7c2e852171c0.jpg,0,,,t
3267,images/7c3747c0b2c3.jpg,0,,,e
3268,images/7d94a000c2d0.jpg,0,,,t
3269,images/80dbeb0fdc75.jpg,0,,,t
3270,images/8191ae701985.jpg,0,,,t
3271,images/82088c6734e6.jpg,0,,,v
3272,images/848e66b9e199.jpg,0,,,v
3273,images/86410aa13b3e.jpg,0,,,t
3274,images/86d58f850a0c.jpg,0,,,t
3275,images/874f8c1929f6.jpg,0,,,t
3276,images/880edb2cdb69.jpg,0,,,t
3277,images/891329021e12.jpg,0,,,e
3278,images/8ceff4c4c860.jpg,0,,,t
3279,images/8d9516ea3587.jpg,0,,,t
3280,images/8e4a354e3da2.jpg,0,,,t
3281,images/8ead17dfb6a6.jpg,0,,,e
3282,images/8ead8f37423c.jpg,0,,,t
3283,images/9095d43fb132.jpg,0,,,e
3284,images/9122b31414d3.jpg,0,,,v
3285,images/91f3c4c1e72b.jpg,0,,,t
3286,images/937bc1b924b1.jpg,0,,,t
3287,images/93a1b984de84.jpg,0,,,e
3288,images/942f544c4e15.jpg,0,,,t
3289,images/96c699221180.jpg,0,,,e
3290,images/98277aeb96a7.jpg,0,,,t
3291,images/991a0b7a8c87.jpg,0,,,e
3292,images/999ad827ed35.jpg,0,,,e
3293,images/9b70f84400af.jpg,0,,,e
3294,images/9c893e16c055.jpg,0,,,e
3295,images/a02dfd67a925.jpg,0,,,t
3296,images/a07d571bf7ba.jpg,0,,,t
3297,images/a1faeb4d5f10.jpg,0,,,e
3298,images/a2163f0c2af5.jpg,0,,,t
3299,images/a3132c8828e4.jpg,0,,,e
3300,images/a45c30da0c72.jpg,0,,,t
3301,images/a821b6ecef33.jpg,0,,,e
3302,images/a82a12ad3fb1.jpg,0,,,e
3303,images/a88365134c3c.jpg,0,,,v
3304,images/a8aed92940fb.jpg,0,,,t
3305,images/a8dea22ef903.jpg,0,,,t
3306,images/a9a3225cf4b5.jpg,0,,,t
3307,images/ac0a48ccbf70.jpg,0,,,e
3308,images/ace2281f00c4.jpg,0,,,e
3309,images/acf976efd7ce.jpg,0,,,t
3310,images/ae20112e7a1e.jpg,0,,,t
3311,images/ae58ccb5905e.jpg,0,,,e
3312,images/ae5d31979f19.jpg,0,,,e
3313,images/aeab0a63bcaf.jpg,0,,,e
3314,images/aebe87a423c8.jpg,0,,,t
3315,images/aeccef0bdc26.jpg,0,,,t
3316,images/afc345cc9145.jpg,0,,,t
3317,images/b0f8613305a3.jpg,0,,,e
3318,images/b10fca20c885.jpg,0,,,t
3319,images/b200c23b299b.jpg,0,,,e
3320,images/b2b79b37d314.jpg,0,,,e
3321,images/b3f31c371e59.jpg,0,,,t
3322,images/b5204c0decc7.jpg,0,,,t
3323,images/b759cbef90c5.jpg,0,,,t
3324,images/b8e20c076b03.jpg,0,,,t
3325,images/b9d0b83d70c3.jpg,0,,,t
3326,images/b9fe7da14a32.jpg,0,,,t
3327,images/bc7bf19b84e3.jpg,0,,,t
3328,images/bdf47b9f10c4.jpg,0,,,t
3329,images/be197b663520.jpg,0,,,e
3330,images/bf6cbccacf39.jpg,0,,,t
3331,images/c0a117de7d0a.jpg,0,,,t
3332,images/c21eb81de9fc.jpg,0,,,e
3333,images/c24bcf7a1bc4.jpg,0,,,t
3334,images/c25e02b39c01.jpg,0,,,t
3335,images/c446985355f1.jpg,0,,,t
3336,images/c4aef0d88d1b.jpg,0,,,t
3337,images/c5b58cc992af.jpg,0,,,t
3338,images/c7d0deb71576.jpg,0,,,t
3339,images/cb28adab4e8a.jpg,0,,,t
3340,images/cd563556cb57.jpg,0,,,v
3341,images/cd66754e1b3b.jpg,0,,,t
3342,images/cd941e5bc659.jpg,0,,,t
3343,images/ceb32a193eff.jpg,0,,,t
3344,images/cfb17a7cc8d4.jpg,0,,,t
3345,images/d16e59a2b33a.jpg,0,,,e
3346,images/d2cd47ed2c1d.jpg,0,,,t
3347,images/d2d523e9f669.jpg,0,,,t
3348,images/d436c06f0490.jpg,0,,,t
3349,images/d78b7401096f.jpg,0,,,t
3350,images/d7bc00091cfc.jpg,0,,,e
3351,images/d99dd99be001.jpg,0,,,e
3352,images/d9ad2a0ec026.jpg,0,,,t
3353,images/da9fe02dead3.jpg,0,,,e
3354,images/db6207e62c7b.jpg,0,,,e
3355,images/dc0eea0b68a7.jpg,0,,,t
3356,images/dce73d90c00c.jpg,0,,,e
3357,images/dd90c321d7bc.jpg,0,,,e
3358,images/de2eb5c8aa83.jpg,0,,,t
3359,images/dea7538bb91a.jpg,0,,,t
3360,images/dec5595e6154.jpg,0,,,v
3361,images/df6d13d04da1.jpg,0,,,t
3362,images/e087bd4b88f2.jpg,0,,,t
3363,images/e160a3b19911.jpg,0,,,v
3364,images/e29e54ff921e.jpg,0,,,t
3365,images/e3b47ed5b511.jpg,0,,,e
3366,images/e5de79795c1d.jpg,0,,,v
3367,images/e5f73f2855c0.jpg,0,,,v
3368,images/e66ad813a508.jpg,0,,,e
3369,images/e7291472109b.jpg,0,,,e
3370,images/e82232a3c28b.jpg,0,,,t
3371,images/e8ddfc9709ce.jpg,0,,,e
3372,images/e933923aab15.jpg,0,,,e
3373,images/e9678824215d.jpg,0,,,t
3374,images/ea4ce9516144.jpg,0,,,t
3375,images/ea68b58a6e8f.jpg,0,,,t
3376,images/ec363f48867b.jpg,0,,,v
3377,images/ed2ef440d22c.jpg,0,,,t
3378,images/ed3ce1674761.jpg,0,,,t
3379,images/eda1d75cbcf0.jpg,0,,,t
3380,images/edceb0657d77.jpg,0,,,t
3381,images/ee36ca728641.jpg,0,,,v
3382,images/ee3f5cf52188.jpg,0,,,t
3383,images/eeaea2c5ff34.jpg,0,,,e
3384,images/ef7eb85b75fc.jpg,0,,,e
3385,images/f002ce614c59.jpg,0,,,e
3386,images/f00ce9b9d6f4.jpg,0,,,t
3387,images/f02babb3a023.jpg,0,,,t
3388,images/f0546a45ef10.jpg,0,,,v
3389,images/f066db7a2efe.jpg,0,,,v
3390,images/f09fd9433dff.jpg,0,,,t
3391,images/f0a2dc580009.jpg,0,,,t
3392,images/f0e1201b5c1f.jpg,0,,,t
3393,images/f1d719c97838.jpg,0,,,t
3394,images/f57cf3b6f48e.jpg,0,,,t
3395,images/f58cdfa968be.jpg,0,,,v
3396,images/f68690db78d3.jpg,0,,,t
3397,images/f85c78201a50.jpg,0,,,e
3398,images/fa9bece586fc.jpg,0,,,e
3399,images/ff03f74667df.jpg,0,,,v
3400,images/ffd97f8cd5aa.jpg,0,,,e
3401,images/01b3aed3ed4c.jpg,1,,,t
3402,images/0684311afdfc.jpg,1,,,t
3403,images/0f495d87656a.jpg,1,,,t
3404,images/10f36b0239fb.jpg,1,,,t
3405,images/13ab8db8c700.jpg,1,,,t
3406,images/19722bff5a09.jpg,1,,,t
3407,images/19e350c7c83c.jpg,1,,,v
3408,images/1d11794057ff.jpg,1,,,v
3409,images/248139c423c4.jpg,1,,,v
3410,images/2f4e81787d9b.jpg,1,,,e
3411,images/33b893e18eb3.jpg,1,,,t
3412,images/33ffddea8c6e.jpg,1,,,v
3413,images/47d1603a555b.jpg,1,,,t
3414,images/4e0656629d02.jpg,1,,,t
3415,images/4e82c3c8d31f.jpg,1,,,e
3416,images/513b0a4651fa.jpg,1,,,t
3417,images/5712e2aa73a2.jpg,1,,,t
3418,images/5777ef74c9ec.jpg,1,,,t
3419,images/587146a55885.jpg,1,,,e
3420,images/5879285f9d8d.jpg,1,,,e
3421,images/59e5212f7139.jpg,1,,,e
3422,images/5b0e53f53ef3.jpg,1,,,t
3423,images/64678182d8a8.jpg,1,,,t
3424,images/665ce639a331.jpg,1,,,t
3425,images/6c6efb6b1358.jpg,1,,,t
3426,images/80a02014b418.jpg,1,,,v
3427,images/8114d6a160df.jpg,1,,,e
3428,images/89d9c071a56f.jpg,1,,,t
3429,images/8c2f0f04e1ed.jpg,1,,,e
3430,images/8ef2eb8c51c4.jpg,1,,,e
3431,images/944a233fbf8e.jpg,1,,,t
3432,images/98fbe56dcc2c.jpg,1,,,e
3433,images/9ed666e982cd.jpg,1,,,t
3434,images/a01024054596.jpg,1,,,e
3435,images/b50b30aa6e6c.jpg,1,,,e
3436,images/b9b99dad668d.jpg,1,,,t
3437,images/c56e65f74187.jpg,1,,,t
3438,images/c7b622ec8104.jpg,1,,,t
3439,images/c8fc0df22999.jpg,1,,,t
3440,images/ca1036496659.jpg,1,,,t
3441,images/cab3dfa7962d.jpg,1,,,e
3442,images/cb2f3c5d71a7.jpg,1,,,e
3443,images/cc9270f06b65.jpg,1,,,e
3444,images/cd5714db652d.jpg,1,,,t
3445,images/d06ccd0cf4b8.jpg,1,,,e
3446,images/d85588ff2ebd.jpg,1,,,t
3447,images/e07045d7c5f7.jpg,1,,,t
3448,images/e25ccfe38e44.jpg,1,,,t
3449,images/e26d8718ca58.jpg,1,,,v
3450,images/ef8109305128.jpg,1,,,e
3451,images/f6f7dba7104d.jpg,1,,,t
3452,images/fb6b8200b7f8.jpg,1,,,v
3453,images/026dcd9af143.jpg,2,,,t
3454,images/03747397839f.jpg,2,,,e
3455,images/0a09aa7356c0.jpg,2,,,t
3456,images/0af296d2f04a.jpg,2,,,e
3457,images/0c7e82daf5a0.jpg,2,,,t
3458,images/0efc93ec838b.jpg,2,,,e
3459,images/10ecc5292ab1.jpg,2,,,e
3460,images/12a82fc7d73e.jpg,2,,,v
3461,images/12e6e66c80a7.jpg,2,,,t
3462,images/13d71389563f.jpg,2,,,t
3463,images/1411c8ab7161.jpg,2,,,e
3464,images/14ee87d6cc42.jpg,2,,,t
3465,images/1594ca6c30d3.jpg,2,,,e
3466,images/17eb5d4ad740.jpg,2,,,t
3467,images/180afe1d5ef7.jpg,2,,,t
3468,images/188a9323be03.jpg,2,,,t
3469,images/1c5e6cdc7ee1.jpg,2,,,t
3470,images/1f543a86c4d4.jpg,2,,,t
3471,images/1ffaa51a6245.jpg,2,,,v
3472,images/239f2c348ea4.jpg,2,,,t
3473,images/23fca0693e2a.jpg,2,,,v
3474,images/269f0792f11f.jpg,2,,,t
3475,images/291e2ff3d834.jpg,2,,,t
3476,images/295fdc964f6e.jpg,2,,,t
3477,images/2967e578939f.jpg,2,,,t
3478,images/2fb3a8606a77.jpg,2,,,e
3479,images/300305ce82d2.jpg,2,,,t
3480,images/314862758acf.jpg,2,,,v
3481,images/3246f07e65b4.jpg,2,,,e
3482,images/32a3eb37ff40.jpg,2,,,v
3483,images/3748349334f6.jpg,2,,,t
3484,images/388f12e8df0b.jpg,2,,,e
3485,images/3aa2b1ce6700.jpg,2,,,t
3486,images/3e86335bc2fd.jpg,2,,,e
3487,images/40527a5e95dd.jpg,2,,,v
3488,images/4246ed634f25.jpg,2,,,v
3489,images/42a850acd2ac.jpg,2,,,e
3490,images/43ddd0ab0cc4.jpg,2,,,e
3491,images/4478b870e549.jpg,2,,,e
3492,images/44e0d56e9d42.jpg,2,,,e
3493,images/44e951e45dca.jpg,2,,,t
3494,images/453a1e2754b2.jpg,2,,,v
3495,images/460893cd86e3.jpg,2,,,t
3496,images/4c52922f3bfd.jpg,2,,,e
3497,images/4d009cebabc9.jpg,2,,,t
3498,images/4da6e2089d57.jpg,2,,,v
3499,images/4e7694eebb91.jpg,2,,,t
3500,images/50d8a8fb7737.jpg,2,,,e
3501,images/51d574513bcb.jpg,2,,,e
3502,images/52886bed8a07.jpg,2,,,e
3503,images/5327f88a1919.jpg,2,,,e
3504,images/541db13517e2.jpg,2,,,t
3505,images/5486da4273d7.jpg,2,,,t
3506,images/55092c0071eb.jpg,2,,,v
3507,images/59ee65760535.jpg,2,,,t
3508,images/5a36cea278ae.jpg,2,,,e
3509,images/5dc23e440de3.jpg,2,,,t
3510,images/60eeae3ba23d.jpg,2,,,e
3511,images/6363b360aefb.jpg,2,,,e
3512,images/650fbed3fdca.jpg,2,,,v
3513,images/653534ded339.jpg,2,,,v
3514,images/663a923d5398.jpg,2,,,e
3515,images/668e853258cd.jpg,2,,,t
3516,images/66bae1ba227f.jpg,2,,,t
3517,images/6889bc64ab09.jpg,2,,,t
3518,images/69df7ade0575.jpg,2,,,t
3519,images/6b7cf869622a.jpg,2,,,t
3520,images/6d454444f17c.jpg,2,,,t
3521,images/7102f29e052e.jpg,2,,,t
3522,images/7247a2c97f71.jpg,2,,,t
3523,images/757572337fd0.jpg,2,,,t
3524,images/7ec1ffe8220b.jpg,2,,,e
3525,images/7f6ce40f306b.jpg,2,,,t
3526,images/840527bc6628.jpg,2,,,t
3527,images/89b044cbaf85.jpg,2,,,v
3528,images/8f1e7433a95d.jpg,2,,,t
3529,images/91e2c2890c9f.jpg,2,,,t
3530,images/92d8a7c8e718.jpg,2,,,e
3531,images/97bf61736b86.jpg,2,,,v
3532,images/9904939ab83d.jpg,2,,,e
3533,images/9a7bd084395e.jpg,2,,,t
3534,images/9c088d2d1559.jpg,2,,,t
3535,images/9c5dd3612f0c.jpg,2,,,e
3536,images/9eaac43744f5.jpg,2,,,t
3537,images/a15470303941.jpg,2,,,e
3538,images/a2ad3da4c7d6.jpg,2,,,t
3539,images/a4359815f152.jpg,2,,,e
3540,images/a45d77edf8d9.jpg,2,,,e
3541,images/a664d2055886.jpg,2,,,t
3542,images/a93f1ea3ff4a.jpg,2,,,e
3543,images/aa31bc6b8f4d.jpg,2,,,e
3544,images/aa5ce75edcf5.jpg,2,,,e
3545,images/aad0c0ee9268.jpg,2,,,t
3546,images/ab50123abadb.jpg,2,,,e
3547,images/add1d681d712.jpg,2,,,t
3548,images/aef9016557ca.jpg,2,,,t
3549,images/b033ab4fb723.jpg,2,,,t
3550,images/b1f4122fd36a.jpg,2,,,v
3551,images/b376def52ccc.jpg,2,,,e
3552,images/b3c0c3330278.jpg,2,,,t
3553,images/b498b84d383f.jpg,2,,,e
3554,images/b574d229ec4c.jpg,2,,,v
3555,images/b5c80d0ed0ff.jpg,2,,,t
3556,images/b8ac328009e0.jpg,2,,,v
3557,images/b8fb9f55cd6d.jpg,2,,,e
3558,images/b927a9238434.jpg,2,,,t
3559,images/b9b6ee2b9453.jpg,2,,,t
3560,images/bdb98063fe84.jpg,2,,,t
3561,images/be7bc89f5fec.jpg,2,,,t
3562,images/bfe467b7e997.jpg,2,,,t
3563,images/c261b1aaa828.jpg,2,,,e
3564,images/c406325360b1.jpg,2,,,e
3565,images/c561bcd519e9.jpg,2,,,t
3566,images/c6c2bad91f23.jpg,2,,,t
3567,images/c70d09370109.jpg,2,,,t
3568,images/c8905b8d5cf1.jpg,2,,,t
3569,images/c8a3eb9a5b52.jpg,2,,,e
3570,images/ca7570c5925c.jpg,2,,,e
3571,images/ce887b196c23.jpg,2,,,e
3572,images/d141728fa392.jpg,2,,,t
3573,images/d264396d8d1a.jpg,2,,,v
3574,images/d2c6b99ef62c.jpg,2,,,t
3575,images/d41b33fcb94f.jpg,2,,,e
3576,images/dde43aa22ae6.jpg,2,,,e
3577,images/e12d41e7b221.jpg,2,,,t
3578,images/e16fc934069f.jpg,2,,,e
3579,images/e31c42a8652b.jpg,2,,,t
3580,images/e3a7671f787b.jpg,2,,,t
3581,images/e4e343eaae2a.jpg,2,,,e
3582,images/e663c6627a95.jpg,2,,,t
3583,images/ea1d045f9fea.jpg,2,,,t
3584,images/ea588d1e5d96.jpg,2,,,t
3585,images/ee2c2a5f7d0e.jpg,2,,,t
3586,images/f0c0f7b5e820.jpg,2,,,v
3587,images/f2ee81781411.jpg,2,,,t
3588,images/f30f203ef51e.jpg,2,,,t
3589,images/f3cd489acbee.jpg,2,,,t
3590,images/fac399455195.jpg,2,,,e
3591,images/fc1b1841eadf.jpg,2,,,e
3592,images/fc603cbedb41.jpg,2,,,t
3593,images/0104b032c141.jpg,3,,,t
3594,images/042470a92154.jpg,3,,,e
3595,images/1ab3f1c71a5f.jpg,3,,,t
3596,images/39aa3cd93c50.jpg,3,,,t
3597,images/4294a14c656a.jpg,3,,,t
3598,images/42cc993f23a9.jpg,3,,,t
3599,images/4b618537d52f.jpg,3,,,e
3600,images/4fef9ed8a4c5.jpg,3,,,e
3601,images/51269b77d312.jpg,3,,,e
3602,images/6a244e855d0e.jpg,3,,,t
3603,images/6fb656d506b2.jpg,3,,,t
3604,images/7525ebb3434d.jpg,3,,,e
3605,images/762d6e5d5068.jpg,3,,,v
3606,images/7b29e3783919.jpg,3,,,t
3607,images/7e160c8b611e.jpg,3,,,e
3608,images/8688f3d0fcaf.jpg,3,,,e
3609,images/8b76c3c5cb3e.jpg,3,,,e
3610,images/91b6ebaa3678.jpg,3,,,e
3611,images/9bf060db8376.jpg,3,,,t
3612,images/aea59ebec445.jpg,3,,,t
3613,images/b310bd564329.jpg,3,,,e
3614,images/b960142a8de7.jpg,3,,,v
3615,images/bb7e0a2544cd.jpg,3,,,t
3616,images/c76664770c07.jpg,3,,,t
3617,images/d2ffe9287dc7.jpg,3,,,e
3618,images/dbfd238b3468.jpg,3,,,t
3619,images/f64214bed40e.jpg,3,,,v
3620,images/001639a390f0.jpg,4,,,v
3621,images/02685f13cefd.jpg,4,,,t
3622,images/03a7f4a5786f.jpg,4,,,t
3623,images/0ada12c0e78f.jpg,4,,,t
3624,images/15e96e848b46.jpg,4,,,t
3625,images/1638404f385c.jpg,4,,,t
3626,images/1bf30c84bbad.jpg,4,,,e
3627,images/1c4f3aa4df06.jpg,4,,,v
3628,images/1e9224ccca95.jpg,4,,,e
3629,images/1fd5d860d4d7.jpg,4,,,t
3630,images/20d5fdd450ae.jpg,4,,,t
3631,images/21abd36095a1.jpg,4,,,e
3632,images/29bc0e721cfe.jpg,4,,,t
3633,images/2df07eb5779f.jpg,4,,,t
3634,images/3810040096cb.jpg,4,,,t
3635,images/3ac3fbfca7d4.jpg,4,,,e
3636,images/4a3da369b227.jpg,4,,,t
3637,images/4bd941611343.jpg,4,,,e
3638,images/51af8c112682.jpg,4,,,t
3639,images/55eb405ec71e.jpg,4,,,t
3640,images/5c7ab966a3ee.jpg,4,,,t
3641,images/60f15dd68d30.jpg,4,,,e
3642,images/6daef3e5ca22.jpg,4,,,t
3643,images/6f923b60934b.jpg,4,,,t
3644,images/84c663f39632.jpg,4,,,v
3645,images/8bed09514c3b.jpg,4,,,e
3646,images/905cc86bf100.jpg,4,,,t
3647,images/a0cd7bffdaa0.jpg,4,,,v
3648,images/a81b06f50612.jpg,4,,,v
3649,images/b99afe7137fb.jpg,4,,,v
3650,images/ba4d2c4b3039.jpg,4,,,v
3651,images/c01eae4b4939.jpg,4,,,e
3652,images/c3d12a23f451.jpg,4,,,t
3653,images/c8d2d32f7f29.jpg,4,,,t
3654,images/cd54d022e37d.jpg,4,,,e
3655,images/d2901144070c.jpg,4,,,t
3656,images/df4aec4a0eaf.jpg,4,,,v
3657,images/e3ec668f6fad.jpg,4,,,t
3658,images/e821c1b6417a.jpg,4,,,t
3659,images/ebe0175e530c.jpg,4,,,e
3660,images/f6f3ea0d2693.jpg,4,,,t
3661,images/fa59221cf464.jpg,4,,,t
